GroupName,ChartName,point_time,point_val,Batch_ID,FabPhase,Production Line,EQP_id
apple,x,2023/5/10 11:05,1.110025814,1BGCX,T14P5,7,A
apple,x,2023/5/10 11:05,0.905000429,1BFYW,T14P6,7,B
apple,x,2023/5/10 11:06,1.116129256,1BGEZ,T14P6,11,C
apple,x,2023/5/10 11:06,0.992808818,1BGAI,T12P4,5,A
apple,x,2023/5/10 11:06,0.837037286,1BGKB,T12P4,8,B
apple,x,2023/5/10 11:06,1.030781979,1BFYW,T12P4,8,C
apple,x,2023/5/10 11:07,0.875654157,1BGKJ,T12P4,6,A
apple,x,2023/5/10 11:06,0.966686186,1BGJZ,T12P4,6,B
apple,x,2023/5/10 11:07,1.013688801,1BGAJ,T12P4,11,C
apple,x,2023/5/10 11:08,0.988745832,1BGAI,T12P4,5,A
apple,x,2023/5/10 11:08,1.1394672,1BGGR,T12P4,6,B
apple,x,2023/5/10 11:08,1.023119207,1BFSZ,T12P4,6,C
apple,x,2023/5/10 11:08,0.821116158,1BFSZ,T12P4,9,A
apple,x,2023/5/10 11:08,0.967857117,1BGKA,T12P4,5,B
apple,x,2023/5/10 11:09,0.903664055,1BGDX,T12P4,11,C
apple,x,2023/5/10 11:09,0.832628017,1BGMA,T12P4,7,A
apple,x,2023/5/10 11:09,0.890739837,1BHEQ,T12P4,4,B
apple,x,2023/5/10 11:09,0.932126195,1BGCX,T12P4,9,C
apple,x,2023/5/10 11:09,0.850837039,1BGCX,T12P4,7,A
apple,x,2023/5/10 11:09,0.887411176,1BFWN,T12P4,11,B
apple,x,2023/5/10 11:10,0.929196931,1BHHF,T12P4,5,C
apple,x,2023/5/10 11:10,0.780773189,1BHFH,T12P4,10,A
apple,x,2023/5/10 11:10,1.009962555,1BGKA,T12P4,4,B
apple,x,2023/5/10 11:11,1.048605346,1BGKI,T12P4,5,C
apple,x,2023/5/10 11:11,1.236677721,1BGKI,T12P4,6,A
apple,x,2023/5/10 11:11,1.100299906,1BHGT,T12P4,6,B
apple,x,2023/5/10 11:11,0.991095518,1BGBZ,T12P4,6,C
apple,x,2023/5/10 11:11,0.881143847,1BHGT,T12P4,6,A
apple,x,2023/5/10 11:12,1.106996455,1BHII,T12P4,6,B
apple,x,2023/5/10 11:12,0.91410106,1BGDX,T12P4,6,C
apple,x,2023/5/10 11:12,1.008592708,1BGLZ,T12P4,6,A
apple,x,2023/5/10 11:12,0.951527089,1BGBZ,T12P4,6,B
apple,x,2023/5/10 11:13,1.072546737,1BGAI,T12P4,6,C
apple,x,2023/5/10 11:12,1.009357523,1BHEQ,T12P4,6,A
apple,x,2023/5/10 11:13,1.059170941,1BHDQ,T12P4,6,B
apple,x,2023/5/10 11:13,0.918932883,1BGKH,T12P4,6,C
apple,x,2023/5/10 11:13,1.080853137,1BHDQ,T12P4,6,A
apple,x,2023/5/10 11:13,0.962721619,1BGKH,T12P4,6,B
apple,x,2023/5/10 11:13,0.925091832,1BGII,T12P4,6,C
apple,x,2023/5/10 11:14,1.030817377,1BGLZ,T12P4,6,A
apple,x,2023/5/10 11:14,1.047242669,1BHII,T12P4,6,B
apple,x,2023/5/10 11:14,1.018490041,1BGEZ,T12P4,6,C
apple,x,2023/5/10 11:14,0.956867091,1BGMA,T12P4,6,A
apple,x,2023/5/10 11:14,1.005350068,1BGMA,T12P4,6,B
apple,x,2023/5/10 11:15,0.934235676,1BHJV,T12P4,6,C
apple,x,2023/5/10 11:15,1.027217809,1BGKH,T12P4,6,A
apple,x,2023/5/10 11:15,0.906550359,1BHNR,T12P4,6,B
apple,x,2023/5/10 11:16,0.970176047,1BHHF,T12P4,6,C
apple,x,2023/5/10 11:16,1.065710231,1BGMA,T12P4,6,A
apple,x,2023/6/19 09:48,0.951238884,1BHLA,T12P4,6,B
apple,x,2023/6/19 09:48,0.996731727,1BHND,T12P4,6,C
apple,x,2023/6/19 09:49,0.977953111,1BHLA,T12P4,6,A
apple,x,2023/6/19 09:49,1.009252315,1BHNS,T12P4,6,B
apple,x,2023/6/19 09:49,1.086268389,1BHSZ,T12P4,6,C
apple,x,2023/6/19 09:49,0.904075487,1BHTF,T12P4,6,A
apple,x,2023/6/19 09:50,1.091077202,1BHTP,T12P4,6,B
apple,x,2023/6/19 09:50,1.149623321,1BHTP,T12P4,6,C
apple,x,2023/6/19 09:50,0.953444859,1BHSZ,T12P4,6,A
apple,x,2023/6/19 09:50,1.134113956,1BHTR,T12P4,6,B
apple,x,2023/6/19 09:50,0.863108342,1BHUS,T12P4,6,C
apple,x,2023/6/19 09:50,1.041745116,1BFWO,T12P4,6,A
apple,x,2023/6/19 09:51,0.999877394,1BHTQ,T12P4,6,B
apple,x,2023/6/19 09:51,0.837362565,1BHUI,T12P4,6,C
apple,x,2023/6/19 09:51,1.035845536,1BHTQ,T12P4,6,A
apple,x,2023/6/19 09:51,0.955597396,1BHUI,T12P4,6,B
apple,x,2023/6/19 09:52,0.967029596,1BHUL,T12P4,6,C
apple,x,2023/6/19 09:52,1.137470014,1BHVB,T12P4,6,A
apple,x,2023/6/19 09:58,1.119774933,1BHKY,T12P4,6,B
apple,x,2023/6/19 09:58,0.91756674,1BHTZ,T12P4,6,C
apple,x,2023/6/19 09:59,1.020939786,1BHVC,T12P4,6,A
apple,x,2023/6/19 09:59,1.032439778,1BHUY,T12P4,6,B
apple,x,2023/6/19 09:59,0.862097129,1BHKY,T12P4,6,C
apple,x,2023/6/19 09:59,1.01049538,1BHTZ,T12P4,6,A
apple,x,2023/6/19 09:59,0.900344183,1BHUT,T12P4,6,B
apple,x,2023/6/19 09:59,1.139692592,1BHVF,T12P4,6,C
apple,x,2023/6/19 09:59,0.902917527,1BHVC,T12P4,6,A
apple,x,2023/6/19 09:59,0.964236208,1BHUT,T12P4,6,B
apple,x,2023/6/19 09:59,0.911787876,1BHVF,T12P4,6,C
apple,x,2023/6/19 10:00,0.95958965,1BHUY,T12P4,6,A
apple,x,2023/6/19 10:00,1.000974524,1BHVM,T12P4,6,B
apple,x,2023/6/19 10:00,0.972956362,1BHVQ,T12P4,6,C
apple,x,2023/7/13 11:15,1.058930802,1BHVO,T12P4,6,A
apple,x,2023/7/13 11:15,1.06465768,1BHVO,T12P4,6,B
apple,x,2023/7/13 11:15,1.032388898,1BHWI,T12P4,6,C
apple,x,2023/7/13 11:15,0.954704176,1BHWL,T12P4,6,A
apple,x,2023/7/13 11:16,0.988302333,1BHWB,T14P5,7,B
apple,x,2023/7/13 11:16,1.030787217,1BHWA,T14P6,7,C
apple,x,2023/7/13 11:16,1.017427862,1BHWZ,T14P6,11,A
apple,x,2023/7/13 11:16,1.104225576,1BHWH,T12P4,5,B
apple,x,2023/7/13 11:16,1.134635019,1BHWO,T12P4,8,C
apple,x,2023/7/13 11:16,1.103675875,1BHWA,T12P4,8,A
apple,x,2023/7/13 11:16,0.985590656,1BHWW,T12P4,6,B
apple,x,2023/7/13 11:16,0.972797204,1BHWY,T12P4,6,C
apple,x,2023/7/13 11:16,0.966661602,1BHWP,T12P4,11,A
apple,x,2023/7/13 11:17,0.995169152,1BHWY,T12P4,5,B
apple,x,2023/7/13 11:17,0.81481209,1BHWZ,T12P4,6,C
apple,x,2023/7/13 11:17,0.921531202,1BHWM,T12P4,6,A
apple,x,2023/7/13 11:17,0.962688512,1BHWV,T12P4,9,B
apple,x,2023/7/13 11:17,1.015803323,1BHWW,T12P4,5,C
apple,x,2023/7/13 11:17,1.093983164,1BHWT,T12P4,11,A
apple,x,2023/7/13 11:17,0.896633158,1BHWP,T12P4,7,B
apple,x,2023/7/13 11:17,0.905726684,1BHWZ,T12P4,4,C
apple,x,2023/7/13 11:18,0.891657214,1BHXC,T12P4,9,A
apple,x,2023/7/13 11:18,0.971966735,1BHWY,T12P4,7,B
apple,x,2023/7/13 11:18,1.266961219,1BHWW,T14P5,7,C
apple,x,2023/7/13 11:18,0.851523044,1BHXH,T14P6,7,A
apple,x,2023/7/13 11:18,0.897326454,1BHXB,T14P6,11,B
apple,x,2023/7/13 11:18,0.982241526,1BHXB,T12P4,5,C
apple,x,2023/7/13 11:18,1.135129236,1BHWO,T12P4,8,A
apple,x,2023/7/13 11:18,1.021635014,1BHXF,T12P4,8,B
apple,x,2023/7/13 11:18,1.056961773,1BHXC,T12P4,6,C
apple,x,2023/7/13 11:18,1.184033442,1BHXG,T12P4,6,A
apple,x,2023/7/13 11:18,0.970943087,1BHWV,T12P4,11,B
apple,x,2023/7/13 11:19,0.997198915,1BHXG,T12P4,5,C
apple,x,2023/7/13 11:19,1.072844429,1BHWT,T12P4,6,A
apple,x,2023/7/13 11:19,1.012464006,1BHXO,T12P4,6,B
apple,x,2023/7/13 11:19,0.889139927,1BHXH,T12P4,9,C
apple,x,2023/7/13 11:19,0.874537119,1BHXR,T12P4,5,A
apple,x,2023/7/13 11:19,0.918816037,1BHXQ,T12P4,11,B
apple,x,2023/7/13 11:19,0.881271683,1BHXR,T12P4,7,C
apple,x,2023/8/8 10:43,1.100096515,1BHXJ,T12P4,4,A
apple,x,2023/8/8 10:43,0.834004193,1BHXL,T12P4,9,B
apple,x,2023/8/8 10:43,1.014281721,1BHXU,T12P4,7,C
apple,x,2023/8/8 10:44,1.027738823,1BHYD,T14P5,7,A
apple,x,2023/8/8 10:44,1.10208218,1BHXN,T14P6,7,B
apple,x,2023/8/8 10:44,0.916420802,1BHXK,T14P6,11,C
apple,x,2023/8/8 10:44,0.951798866,1BHYC,T12P4,5,A
apple,x,2023/8/8 10:44,0.993319161,1BHYN,T12P4,8,B
apple,x,2023/8/8 10:44,1.03030467,1BHYM,T12P4,8,C
apple,x,2023/8/8 10:45,0.965310132,1BHXL,T12P4,6,A
apple,x,2023/8/8 10:45,1.075176845,1BHYN,T12P4,6,B
apple,x,2023/8/8 10:45,0.981912763,1BHXN,T12P4,11,C
apple,x,2023/8/8 10:45,1.092579487,1BHYD,T12P4,5,A
apple,x,2023/8/8 10:45,0.945009984,1BHXU,T12P4,6,B
apple,x,2023/8/8 10:45,0.832747949,1BHXW,T12P4,6,C
apple,x,2023/8/8 10:45,1.023781473,1BHXX,T12P4,9,A
apple,x,2023/8/8 10:45,1.015382705,1BHYB,T12P4,5,B
apple,x,2023/8/8 10:46,1.057734857,1BHYQ,T12P4,11,C
apple,x,2023/8/8 10:46,1.00206275,1BHYC,T12P4,7,A
apple,x,2023/8/8 10:46,1.079703304,1BHYQ,T12P4,4,B
apple,x,2023/8/8 10:46,0.974960939,1BHYO,T12P4,9,C
apple,x,2023/8/8 10:46,0.992083021,1BHYS,T12P4,7,A
apple,x,2023/8/8 10:46,1.037961363,1BHYO,T14P5,7,B
apple,x,2023/8/8 10:47,1.209805205,1BHYD,T14P6,7,C
apple,x,2023/8/8 10:46,1.046682536,1BHXX,T14P6,11,A
apple,x,2023/8/8 10:47,0.993447658,1BHYT,T12P4,5,B
apple,x,2023/8/8 10:47,0.777887775,1BHXK,T12P4,8,C
apple,x,2023/8/8 10:47,0.980892644,1BHYB,T12P4,8,A
apple,x,2023/8/8 10:47,0.804125323,1BHYO,T12P4,6,B
apple,x,2023/8/8 10:47,0.976642417,1BHYR,T12P4,6,C
apple,x,2023/8/8 10:48,1.040196371,1BHYX,T12P4,11,A
apple,x,2023/8/8 10:47,0.902366565,1BHYS,T12P4,5,B
apple,x,2023/8/8 10:48,1.021762854,1BHXW,T12P4,6,C
apple,x,2023/8/8 10:48,0.976340704,1BHYU,T12P4,6,A
apple,x,2023/8/8 10:48,0.899407518,1BHYR,T12P4,9,B
apple,x,2023/8/8 10:48,0.829240076,1BHYY,T12P4,5,C
apple,x,2023/8/8 10:48,0.78568656,1BHYB,T12P4,11,A
apple,x,2023/8/8 10:49,0.925879248,1BHYU,T12P4,7,B
apple,x,2023/8/8 10:49,1.11901719,1BHZB,T12P4,4,C
apple,x,2023/8/8 10:49,0.869227883,1BHYU,T12P4,9,A
apple,x,2023/8/8 10:49,1.016600434,1BHYY,T12P4,7,B
apple,x,2023/8/8 10:49,1.030108749,1BHZB,T14P5,7,C
apple,x,2023/8/8 10:49,0.806914077,1BHZD,T14P6,7,A
apple,x,2023/9/12 10:23,0.947770162,1BHYV,T14P6,11,B
apple,x,2023/9/12 10:23,1.022361236,1BHYW,T12P4,5,C
apple,x,2023/9/12 10:24,1.023626384,1BHYW,T12P4,8,A
apple,x,2023/9/12 10:24,1.002845042,1BHZC,T12P4,8,B
apple,x,2023/9/12 10:24,1.129690922,1BHZC,T12P4,6,C
apple,x,2023/9/12 10:25,0.921668117,1BHZG,T12P4,6,A
apple,x,2023/9/12 10:25,1.04022716,1BHZJ,T12P4,11,B
apple,x,2023/9/12 10:25,0.917144822,1BHZG,T12P4,5,C
apple,x,2023/9/12 10:25,1.246980522,1BHZE,T12P4,6,A
apple,x,2023/9/12 10:25,1.222106,1BHZE,T12P4,6,B
apple,x,2023/9/12 10:25,1.111421657,1BHZF,T12P4,9,C
apple,x,2023/9/12 10:25,0.939767423,1BHZF,T12P4,5,A
apple,x,2023/9/12 10:25,0.911888096,1BHZH,T12P4,11,B
apple,x,2023/9/12 10:25,1.032257781,1BHZJ,T12P4,7,C
apple,x,2023/9/12 10:25,1.003805215,1BHZK,T12P4,4,A
apple,x,2023/9/12 10:26,0.870419321,1BHZM,T12P4,9,B
apple,x,2023/9/12 10:26,0.941879942,1BHZR,T12P4,7,C
apple,x,2023/9/12 10:26,1.184233835,1BHZO,T14P5,7,A
apple,x,2023/9/12 10:26,1.08295253,1BHZR,T14P6,7,B
apple,x,2023/9/12 10:26,0.818027532,1BHZS,T14P6,11,C
apple,x,2023/9/12 10:26,0.996424408,1BHZV,T12P4,5,A
apple,x,2023/9/12 10:27,1.047604805,1BHZY,T12P4,8,B
apple,x,2023/9/12 10:27,1.07009864,1BIAC,T12P4,8,C
apple,x,2023/9/12 10:27,1.001413383,1BHZP,T12P4,6,A
apple,x,2023/9/12 10:27,1.098205938,1BIAI,T12P4,6,B
apple,x,2023/9/12 10:27,0.933050352,1BHZU,T12P4,11,C
apple,x,2023/9/12 10:28,0.93254752,1BHZS,T12P4,5,A
apple,x,2023/9/12 10:28,0.97326647,1BIAE,T12P4,6,B
apple,x,2023/9/12 10:28,0.980072538,1BHZY,T12P4,6,C
apple,x,2023/9/12 10:28,1.153936516,1BIAO,T12P4,9,A
apple,x,2023/9/12 10:29,1.050175744,1BIAJ,T12P4,5,B
apple,x,2023/9/12 10:29,1.14607102,1BIAC,T12P4,11,C
apple,x,2023/9/12 10:29,1.104649064,1BIAE,T12P4,7,A
apple,x,2023/9/12 10:29,1.06199039,1BIAI,T12P4,4,B
apple,x,2023/9/12 10:29,1.085216136,1BIAJ,T12P4,9,C
apple,x,2023/10/2 09:43,0.870676551,1BHZN,T12P4,7,A
apple,x,2023/10/2 09:43,1.021452314,1BIAN,T14P5,7,B
apple,x,2023/10/2 09:44,1.057771263,1BHZZ,T14P6,7,C
apple,x,2023/10/2 09:44,0.964839002,1BHZZ,T14P6,11,A
apple,x,2023/10/2 09:44,1.031873568,1BIAD,T12P4,5,B
apple,x,2023/10/2 09:44,1.153272397,1BIAN,T12P4,8,C
apple,x,2023/10/2 09:45,1.062228833,1BIAL,T12P4,8,A
apple,x,2023/10/2 09:45,0.92856472,1BIAK,T12P4,6,B
apple,x,2023/10/2 09:45,0.976134646,1BIAK,T12P4,6,C
apple,x,2023/10/2 09:45,0.984952732,1BIAY,T12P4,11,A
apple,x,2023/10/2 09:45,0.938569372,1BIBA,T12P4,5,B
apple,x,2023/10/2 09:45,1.028665283,1BIAL,T12P4,6,C
apple,x,2023/10/2 09:45,0.963826227,1BIBA,T12P4,6,A
apple,x,2023/10/2 09:46,1.015354015,1BIAR,T12P4,9,B
apple,x,2023/10/2 09:46,0.978333236,1BIAZ,T12P4,5,C
apple,x,2023/10/2 09:46,0.890150229,1BIBH,T12P4,11,A
apple,x,2023/10/2 09:46,0.891402073,1BIAY,T12P4,7,B
apple,x,2023/10/2 09:46,0.881939885,1BIAZ,T12P4,4,C
apple,x,2023/10/2 09:46,1.175668504,1BIBO,T12P4,9,A
apple,x,2023/10/2 09:46,1.040446954,1BIBH,T12P4,7,B
apple,x,2023/10/2 09:47,1.03923388,1BIAR,T14P5,7,C
apple,x,2023/10/2 09:47,0.988640996,1BIBB,T14P6,7,A
apple,x,2023/10/2 09:47,0.972695433,1BIBF,T14P6,11,B
apple,x,2023/10/2 09:47,1.178225839,1BIBB,T12P4,5,C
apple,x,2023/10/2 09:47,0.881156881,1BIBN,T12P4,8,A
apple,x,2023/10/2 09:47,1.03260714,1BIBH,T12P4,8,B
apple,x,2023/10/2 09:47,1.052084139,1BIBO,T12P4,6,C
apple,x,2023/10/2 09:47,0.800283644,1BIBT,T12P4,6,A
apple,x,2023/10/2 09:47,0.98413759,1BIBP,T12P4,11,B
apple,x,2023/10/2 09:47,0.943493233,1BIBT,T12P4,5,C
apple,x,2023/10/2 09:47,0.959884809,1BIBX,T12P4,6,A
apple,x,2023/10/2 09:48,1.206164806,1BIBE,T12P4,6,B
apple,x,2023/10/2 09:48,0.88018873,1BIBF,T12P4,9,C
apple,x,2023/10/2 09:48,0.972436054,1BIBI,T12P4,5,A
apple,x,2023/10/2 09:48,0.921107742,1BICD,T12P4,11,B
apple,x,2023/10/2 09:48,1.072060318,1BICF,T12P4,7,C
apple,x,2023/10/2 09:48,0.867874035,1BICE,T12P4,4,A
apple,x,2023/10/2 09:49,1.032190255,1BICJ,T12P4,9,B
apple,x,2023/10/2 09:49,1.138744534,1BICG,T12P4,7,C
apple,x,2023/10/2 09:49,1.006279186,1BICJ,T14P5,7,A
apple,x,2023/12/4 16:47,1.05668801,1BIBU,T14P6,7,B
apple,x,2023/12/4 16:47,1.133206065,1BIBW,T14P6,11,C
apple,x,2023/12/4 16:47,0.815206937,1BICM,T12P4,5,A
apple,x,2023/12/4 16:48,1.028418337,1BIBU,T12P4,8,B
apple,x,2023/12/4 16:48,1.00106718,1BICN,T12P4,8,C
apple,x,2023/12/4 16:48,1.130281266,1BICM,T12P4,6,A
apple,x,2023/12/4 16:48,0.958986745,1BICI,T12P4,6,B
apple,x,2023/12/4 16:48,0.954859045,1BICN,T12P4,11,C
apple,x,2023/12/4 16:49,0.98479557,1BICT,T12P4,5,A
apple,x,2023/12/4 16:49,1.071644151,1BIDK,T12P4,6,B
apple,x,2023/12/4 16:49,1.098585793,1BICM,T12P4,6,C
apple,x,2023/12/4 16:49,1.057551582,1BICV,T12P4,9,A
apple,x,2023/12/4 16:49,1.052845389,1BICV,T12P4,5,B
apple,x,2023/12/4 16:49,1.101727444,1BICU,T12P4,11,C
apple,x,2023/12/4 16:49,1.178318566,1BIDF,T12P4,7,A
apple,x,2023/12/4 16:49,0.820578564,1BICO,T12P4,4,B
apple,x,2023/12/4 16:50,0.937487011,1BIDG,T12P4,9,C
apple,x,2023/12/4 16:50,1.10342128,1BICN,T12P4,7,A
apple,x,2023/12/4 16:50,0.947363122,1BIBV,T14P5,7,B
apple,x,2023/12/4 16:50,1.074328103,1BICT,T14P6,7,C
apple,x,2023/12/4 16:50,0.93974835,1BICU,T14P6,11,A
apple,x,2023/12/4 16:50,0.954893943,1BIDE,T12P4,5,B
apple,x,2023/12/4 16:51,1.041989089,1BIBV,T12P4,8,C
apple,x,2023/12/4 16:51,1.211865703,1BIDL,T12P4,8,A
apple,x,2023/12/4 16:51,0.986602785,1BIDS,T12P4,6,B
apple,x,2023/12/4 16:51,0.946424853,1BICV,T12P4,6,C
apple,x,2023/12/4 16:51,1.064789031,1BIDT,T12P4,11,A
apple,x,2023/12/4 16:51,1.112261191,1BIDY,T12P4,5,B
apple,x,2023/12/4 16:51,1.020611351,1BIDF,T12P4,6,C
apple,x,2023/12/4 16:51,0.939040208,1BICI,T12P4,6,A
apple,x,2023/12/4 16:51,1.216559118,1BIER,T12P4,9,B
apple,x,2023/12/4 16:52,1.062272561,1BIEE,T12P4,5,C
apple,x,2023/12/4 16:52,0.823775559,1BIDK,T12P4,11,A
apple,x,2023/12/4 16:52,1.02876839,1BIBV,T12P4,7,B
apple,x,2023/12/4 16:52,1.194779031,1BIEQ,T12P4,4,C
apple,x,2023/12/4 16:52,1.034990584,1BIEF,T12P4,9,A
apple,x,2023/12/4 16:52,0.921929427,1BIDT,T12P4,7,B
apple,x,2023/12/4 16:52,0.991288304,1BIEY,T12P4,7,C
apple,x,2023/12/4 16:53,0.944168205,1BIFD,T12P4,7,A
apple,x,2023/12/8 11:08,0.866856132,1BIEP,T12P4,7,B
apple,x,2023/12/8 11:09,1.033687585,1BIEW,T12P4,7,C
apple,x,2023/12/8 11:09,0.976957616,1BICH,T12P4,7,A
apple,x,2023/12/8 11:10,1.041130077,1BIFH,T12P4,7,B
apple,x,2023/12/8 11:11,0.869854963,1BIEX,T12P4,7,C
apple,x,2023/12/8 11:11,0.890805609,1BIFH,T12P4,7,A
apple,x,2023/12/8 11:11,1.147651969,1BIFN,T12P4,7,B
apple,x,2023/12/8 11:11,0.902468326,1BIFQ,T12P4,7,C
apple,x,2023/12/8 11:12,1.006535447,1BIFP,T12P4,7,A
apple,x,2023/12/8 11:12,0.846022228,1BIFO,T12P4,7,B
apple,x,2023/12/8 11:12,0.850116003,1BIFQ,T12P4,7,C
apple,x,2023/12/8 11:12,1.031811365,1BIEW,T12P4,7,A
apple,x,2023/12/8 11:12,0.900495543,1BIFR,T12P4,7,B
apple,x,2023/12/8 11:12,1.009100374,1BIFY,T12P4,7,C
apple,x,2023/12/8 11:13,1.037277014,1BIFO,T12P4,7,A
apple,x,2023/12/8 11:13,0.832541113,1BIFX,T12P4,7,B
apple,x,2023/12/8 11:13,0.978585604,1BIGJ,T12P4,7,C
apple,x,2023/12/8 11:13,0.994697254,1BIGZ,T12P4,7,A
apple,x,2023/12/8 11:14,1.008826838,1BIHB,T12P4,7,B
apple,x,2023/12/8 11:14,1.059471893,1BIHA,T12P4,7,C
apple,x,2023/12/8 11:14,0.928685655,1BIHA,T12P4,7,A
apple,x,2023/12/8 11:14,1.037006513,1BIFY,T12P4,7,B
apple,x,2023/12/8 11:14,0.852414678,1BIHJ,T12P4,7,C
apple,x,2023/12/8 11:15,0.902579708,1BIHC,T12P4,7,A
apple,x,2023/12/8 11:15,0.916292914,1BIHL,T12P4,7,B
apple,x,2023/12/8 11:15,0.794760989,1BIHJ,T12P4,7,C
apple,x,2023/12/8 11:15,0.998643627,1BIHB,T12P4,7,A
apple,x,2023/12/8 11:16,0.966035394,1BIHQ,T12P4,7,B
apple,x,2023/12/8 11:16,0.843186838,1BIFW,T12P4,7,C
apple,x,2023/12/8 11:16,1.044033397,1BIGZ,T12P4,7,A
apple,x,2023/12/8 11:16,0.964452245,1BIFX,T12P4,7,B
apple,x,2023/12/8 11:16,1.105712116,1BIHK,T12P4,7,C
apple,x,2023/12/8 11:18,0.98615057,1BIHR,T12P4,7,A
apple,x,2023/12/8 11:19,0.969401263,1BIHP,T12P4,7,B
apple,x,2023/12/8 11:19,0.854694282,1BIHX,T12P4,7,C
apple,x,2023/12/8 11:20,0.886806333,1BIIN,T12P4,7,A
apple,x,2023/12/8 11:20,0.994111558,1BIIL,T12P4,7,B
apple,x,2023/12/8 11:20,1.160112419,1BIIT,T12P4,7,C
apple,x,2023/12/8 11:20,1.080651684,1BIIX,T12P4,7,A
apple,x,2023/12/8 11:20,1.086511624,1BIIM,T12P4,7,B
apple,x,2023/12/8 11:21,0.827134842,1BIIU,T12P4,7,C
apple,x,2023/12/8 11:21,0.946024613,1BIHY,T12P4,7,A
apple,x,2023/12/8 11:21,0.972396864,1BIIN,T12P4,7,B
apple,x,2023/12/8 11:21,0.87430585,1BIIT,T12P4,7,C
apple,x,2023/12/8 11:21,0.987186102,1BIIX,T12P4,7,A
apple,x,2023/12/8 11:21,0.930639689,1BIHR,T12P4,7,B
apple,x,2023/12/8 11:21,0.953475073,1BIIM,T12P4,7,C
apple,x,2023/12/8 11:21,1.090408232,1BIHZ,T12P4,7,A
apple,x,2023/12/8 11:21,1.289275657,1BIFG,T12P4,7,B
apple,x,2023/12/8 11:21,0.95549473,1BIJI,T12P4,7,C
apple,x,2023/12/8 11:22,0.882158831,1BIIY,T12P4,7,A
apple,x,2023/12/8 11:22,1.049299008,1BIJK,T12P4,7,B
apple,x,2023/12/8 11:22,0.955042517,1BIIL,T12P4,7,C
apple,x,2023/12/8 11:22,0.952059568,1BIIY,T12P4,7,A
apple,x,2023/12/8 11:22,0.918947612,1BIJI,T12P4,7,B
apple,x,2023/12/8 11:23,0.854433099,1BIIT,T12P4,7,C
apple,x,2023/12/8 11:23,0.970992417,1BIJJ,T12P4,7,A
apple,x,2023/12/8 11:24,1.086119094,1BIJK,T12P4,7,B
apple,x,2023/12/22 17:01,1.035996035,1BIKC,T12P4,7,C
apple,x,2023/12/22 17:01,1.001373014,1BIIW,T12P4,7,A
apple,x,2023/12/22 17:01,0.791984624,1BIKG,T12P4,7,B
apple,x,2023/12/22 17:02,0.78937889,1BIJV,T12P4,7,C
apple,x,2023/12/22 17:02,1.042790562,1BIKD,T12P4,7,A
apple,x,2023/12/22 17:02,0.934407548,1BIKD,T12P4,7,B
apple,x,2023/12/22 17:03,1.073991883,1BIKP,T12P4,7,C
apple,x,2023/12/22 17:03,0.947098883,1BIKM,T12P4,7,A
apple,x,2023/12/22 17:03,1.16442833,1BIKP,T12P4,7,B
apple,x,2023/12/22 17:03,1.048875408,1BIKW,T12P4,7,C
apple,x,2023/12/22 17:03,0.819445687,1BIDZ,T12P4,7,A
apple,x,2023/12/22 17:03,0.985353899,1BIKR,T12P4,7,B
apple,x,2023/12/22 17:04,0.972223708,1BIJS,T12P4,7,C
apple,x,2023/12/22 17:04,0.943871177,1BILB,T12P4,7,A
apple,x,2023/12/22 17:04,0.961017808,1BIEG,T12P4,7,B
apple,x,2023/12/22 17:05,1.015654682,1BIKF,T12P4,7,C
apple,x,2023/12/22 17:05,1.064188997,1BIKX,T12P4,7,A
apple,x,2024/1/5 15:40,1.123324956,1BIJU,T12P4,7,B
apple,x,2024/1/5 15:41,0.869607012,1BIKE,T12P4,7,C
apple,x,2024/1/5 15:41,0.813653811,1BIKL,T12P4,7,A
apple,x,2024/1/5 15:41,1.086419617,1BIJU,T12P4,7,B
apple,x,2024/1/5 15:42,0.971951265,1BIKE,T12P4,7,C
apple,x,2024/1/5 15:42,0.868234883,1BIKL,T12P4,7,A
apple,x,2024/1/5 15:43,0.756527236,1BIKZ,T12P4,7,B
apple,x,2024/1/5 15:44,1.075760012,1BIKN,T12P4,7,C
apple,x,2024/1/5 15:45,1.049672399,1BIKO,T12P4,7,A
apple,x,2024/1/5 15:47,0.974093407,1BIKN,T12P4,7,B
apple,x,2024/1/5 15:48,1.016033795,1BIKY,T12P4,7,C
apple,x,2024/1/5 15:48,0.975204843,1BIKN,T12P4,7,A
apple,x,2024/1/5 15:48,0.950599096,1BILF,T12P4,7,B
apple,x,2024/1/5 15:48,1.148526096,1BILF,T12P4,7,C
apple,x,2024/1/5 15:49,0.728086866,1BILA,T12P4,7,A
apple,x,2024/1/5 15:49,0.800483711,1BIKY,T12P4,7,B
apple,x,2024/1/5 15:50,1.111027556,1BILA,T12P4,7,C
apple,x,2024/1/5 15:50,1.001248276,1BILG,T12P4,7,A
apple,x,2024/1/5 15:50,1.128951374,1BILH,T12P4,7,B
apple,x,2024/1/5 15:50,0.909069389,1BILH,T12P4,7,C
apple,x,2024/1/5 15:50,1.086295258,1BILA,T12P4,7,A
apple,x,2024/1/5 15:50,0.982462187,1BILI,T12P4,7,B
apple,x,2024/1/5 15:51,0.987028077,1BIJT,T12P4,7,C
apple,x,2024/1/5 15:51,1.056611039,1BILE,T12P4,7,A
apple,x,2024/1/5 15:51,1.07206886,1BHXP,T12P4,7,B
apple,x,2024/1/5 15:51,1.199647239,1BILH,T12P4,7,C
apple,x,2024/1/5 15:51,1.077672468,1BILN,T12P4,7,A
apple,x,2024/1/5 15:51,1.023413322,1BILK,T12P4,7,B
apple,x,2024/1/5 15:52,1.098534023,1BILY,T12P4,7,C
apple,x,2024/1/5 15:52,0.946307756,1BIJT,T12P4,7,A
apple,x,2024/1/5 15:52,0.867096198,1BIKQ,T12P4,7,B
apple,x,2024/1/5 15:52,1.021173139,1BIKO,T12P4,7,C
apple,x,2024/1/5 15:53,0.958310015,1BIJT,T12P4,7,A
apple,x,2024/1/5 15:52,0.903153404,1BILN,T12P4,7,B
apple,x,2024/1/5 15:53,1.078874771,1BILL,T12P4,7,C
apple,x,2024/1/5 15:53,0.854814431,1BIME,T12P4,7,A
apple,x,2024/1/5 15:53,1.1130542,1BIKQ,T12P4,7,B
apple,x,2024/1/5 15:53,0.898120829,1BILZ,T12P4,7,C
apple,x,2024/1/5 15:53,1.177282733,1BILY,T12P4,7,A
apple,x,2024/1/5 15:54,0.983085439,1BILE,T12P4,7,B
apple,x,2024/1/5 15:54,0.955251676,1BILD,T12P4,7,C
apple,x,2024/1/5 15:54,1.032217383,1BIMA,T12P4,7,A
apple,x,2024/1/5 15:54,0.980451153,1BILY,T12P4,7,B
apple,x,2024/1/5 15:54,0.911370244,1BILI,T12P4,7,C
apple,x,2024/1/5 15:55,1.060873139,1BILL,T12P4,7,A
apple,x,2024/1/5 15:55,0.932011391,1BILZ,T12P4,7,B
apple,x,2024/1/5 15:55,0.883527326,1BIMG,T12P4,7,C
apple,x,2024/1/5 15:55,0.96528591,1BILL,T12P4,7,A
apple,x,2024/1/5 15:56,1.066966514,1BIME,T12P4,7,B
apple,x,2024/1/5 15:56,1.052260325,1BILK,T12P4,7,C
apple,x,2024/1/5 15:56,1.019815213,1BILM,T12P4,7,A
apple,x,2024/1/5 15:57,1.001104327,1BILM,T12P4,7,B
apple,x,2024/1/5 15:57,1.041332222,1BIMA,T12P4,7,C
apple,x,2024/1/5 15:57,1.059353102,1BIMG,T12P4,7,A
apple,x,2024/1/9 15:54,1.039476136,1BIMF,T12P4,7,B
apple,x,2024/1/9 15:54,0.912011045,1BINY,T12P4,7,C
apple,x,2024/1/9 15:55,0.999470177,1BIMH,T12P4,7,A
apple,x,2024/1/9 15:55,1.065703076,1BIOA,T12P4,7,B
apple,x,2024/1/9 15:56,1.061627778,1BIMV,T12P4,7,C
apple,x,2024/1/9 15:56,1.083856276,1BIOG,T12P4,7,A
apple,x,2024/1/9 15:56,1.011514088,1BIND,T12P4,7,B
apple,x,2024/1/9 15:57,1.014118357,1BHZL,T12P4,7,C
apple,x,2024/1/9 16:00,1.006240572,1BIMU,T12P4,7,A
apple,x,2024/1/9 16:00,0.97231972,1BILC,T12P4,7,B
apple,x,2024/1/9 16:01,0.991771274,1BIMX,T12P4,7,C
apple,x,2024/1/9 16:02,1.143421663,1BILX,T12P4,7,A
apple,x,2024/1/9 16:02,0.880916537,1BIMZ,T12P4,7,B
apple,x,2024/1/9 16:02,0.979647258,1BIMY,T12P4,7,C
apple,x,2024/1/9 16:03,1.107206964,1BIMZ,T12P4,7,A
apple,x,2024/1/30 15:14,0.865103341,1BIMW,T12P4,7,B
apple,x,2024/1/30 15:15,0.909397694,1BIMW,T12P4,7,C
apple,x,2024/1/30 15:15,0.86113492,1BINA,T12P4,7,A
apple,x,2024/1/30 15:15,0.945344136,1BINB,T12P4,7,B
apple,x,2024/1/30 15:15,0.90256106,1BIMW,T12P4,7,C
apple,x,2024/1/30 15:15,0.966389289,1BINC,T12P4,7,A
apple,x,2024/1/30 15:15,0.915638104,1BINB,T12P4,7,B
apple,x,2024/1/30 15:15,0.946248538,1BINR,T12P4,7,C
apple,x,2024/1/30 15:16,0.93485801,1BINS,T12P4,7,A
apple,x,2024/1/30 15:16,1.099874339,1BINC,T12P4,7,B
apple,x,2024/1/30 15:16,1.021608437,1BINR,T12P4,7,C
apple,x,2024/2/2 09:26,0.902661662,1BINQ,T12P4,7,A
apple,x,2024/2/2 09:27,1.059832148,1BINQ,T12P4,7,B
apple,x,2024/2/2 09:27,0.979232743,1BIOT,T12P4,7,C
apple,x,2024/2/2 09:27,1.032479823,1BIOH,T12P4,7,A
apple,x,2024/2/2 09:27,0.993468114,1BIOY,T12P4,7,B
apple,x,2024/2/2 09:27,1.004649231,1BIOP,T12P4,7,C
apple,x,2024/2/2 09:28,1.102410817,1BIOX,T12P4,7,A
apple,x,2024/2/2 09:28,0.962058932,1BIOY,T12P4,7,B
apple,x,2024/2/2 09:28,1.04332657,1BIPC,T12P4,7,C
apple,x,2024/2/2 09:28,1.043705078,1BIOT,T12P4,7,A
apple,x,2024/2/2 09:28,1.054013089,1BIOT,T12P4,7,B
apple,x,2024/2/2 09:28,1.043084106,1BIOX,T12P4,7,C
apple,x,2024/2/2 09:29,0.931790523,1BIOX,T12P4,7,A
apple,x,2024/3/7 16:36,1.00495413,1BIPD,T12P4,7,B
apple,x,2024/3/7 16:37,1.062196848,1BIOU,T12P4,7,C
apple,x,2024/3/7 16:37,1.047081879,1BIPE,T12P4,7,A
apple,x,2024/3/7 16:37,1.12070969,1BIPU,T12P4,7,B
apple,x,2024/3/7 16:37,1.004193568,1BIPZ,T12P4,7,C
apple,x,2024/3/7 16:38,1.004041669,1BIPZ,T12P4,7,A
apple,x,2024/3/7 16:38,0.959124831,1BIQA,T12P4,7,B
apple,x,2024/3/7 16:38,0.960952529,1BIQH,T12P4,7,C
apple,x,2024/3/7 16:39,0.907331872,1BIQN,T12P4,7,A
apple,x,2024/3/7 16:38,1.078200096,1BIQA,T12P4,7,B
apple,x,2024/3/7 16:38,0.953912699,1BIQH,T12P4,7,C
apple,x,2024/3/7 16:39,1.130099638,1BIQI,T12P4,7,A
apple,x,2024/3/7 16:39,1.040798489,1BIQC,T12P4,7,B
apple,x,2024/3/7 16:39,0.854771115,1BIQO,T12P4,7,C
apple,x,2024/3/7 16:39,1.222474483,1BIQP,T12P4,7,A
apple,x,2024/3/7 16:39,0.895225718,1BIRG,T12P4,7,B
apple,x,2024/3/7 16:40,0.997933371,1BIQN,T12P4,7,C
apple,x,2024/3/7 16:40,0.989017437,1BIQS,T12P4,7,A
apple,x,2024/3/7 16:40,0.892163617,1BIQT,T12P4,7,B
apple,x,2024/3/7 16:40,0.852159496,1BIPU,T12P4,7,C
apple,x,2024/3/7 16:40,0.816996068,1BIRL,T12P4,7,A
apple,x,2024/3/7 16:41,1.029531727,1BIQW,T12P4,7,B
apple,x,2024/3/7 16:41,0.859491544,1BIQX,T12P4,7,C
apple,x,2024/3/7 16:41,0.943688227,1BIQT,T12P4,7,A
apple,x,2024/3/7 16:41,1.043613822,1BIRH,T12P4,7,B
apple,x,2024/4/8 13:54,1.048041015,1BIQJ,T12P4,7,C
apple,x,2024/4/8 13:55,0.951954738,1BIRO,T12P4,7,A
apple,x,2024/4/8 13:56,0.948796687,1BIRR,T12P4,7,B
apple,x,2024/4/8 13:59,0.975007014,1BIRP,T12P4,7,C
apple,x,2024/4/8 14:01,0.95400091,1BIRI,T12P4,7,A
apple,x,2024/4/8 14:02,1.090775597,1BIPN,T12P4,7,B
apple,x,2024/4/8 14:02,1.098887779,1BIRM,T12P4,7,C
apple,x,2024/4/8 14:03,1.093750369,1BIRW,T12P4,7,A
apple,x,2024/4/8 14:03,0.858941349,1BIRV,T12P4,7,B
apple,x,2024/4/8 14:03,1.042018501,1BIRT,T12P4,7,C
apple,x,2024/4/8 14:04,0.800971642,1BISN,T12P4,7,A
apple,x,2024/4/8 14:04,1.00762536,1BIRT,T12P4,7,B
apple,x,2024/4/8 14:04,1.005264117,1BIRZ,T12P4,7,C
apple,x,2024/4/8 14:05,1.012876999,1BIRX,T12P4,7,A
apple,x,2024/4/8 14:05,1.025666158,1BIRR,T12P4,7,B
apple,x,2024/4/8 14:05,1.050653623,1BISM,T12P4,7,C
apple,x,2024/4/8 14:06,1.052103354,1BIRZ,T12P4,7,A
apple,x,2024/4/8 14:06,1.07026652,1BISB,T12P4,7,B
apple,x,2024/4/8 14:06,0.878141733,1BISU,T12P4,7,C
apple,x,2024/4/8 14:07,1.044818,1BIRS,T12P4,7,A
apple,x,2024/4/8 14:07,0.866080373,1BISK,T12P4,7,B
apple,x,2024/4/8 14:07,1.130418894,1BISQ,T12P4,7,C
apple,x,2024/4/8 14:09,1.242812315,1BISV,T12P4,7,A
apple,x,2024/4/8 14:10,1.035287704,1BISS,T12P4,7,B
apple,x,2024/4/8 14:10,0.865457642,1BISL,T12P4,7,C
apple,x,2024/4/8 14:12,0.944979158,1BISV,T12P4,7,A
apple,x,2024/4/8 14:12,0.958368645,1BISW,T12P4,7,B
apple,x,2024/4/8 14:13,1.221715314,1BISR,T12P4,7,C
apple,x,2024/4/8 14:13,0.95269135,1BITA,T12P4,7,A
apple,x,2024/4/8 14:16,1.110944695,1BISD,T12P4,7,B
apple,x,2024/4/8 14:20,1.066846774,1BITF,T12P4,7,C
apple,x,2024/4/8 14:20,0.85083747,1BISZ,T12P4,7,A
apple,x,2024/4/8 14:21,0.929601863,1BITA,T12P4,7,B
apple,x,2024/4/8 14:21,1.023472935,1BITO,T12P4,7,C
apple,x,2024/4/8 14:23,1.196299087,1BITD,T12P4,7,A
apple,x,2024/4/8 14:23,1.039322406,1BISR,T12P4,7,B
apple,x,2024/4/8 14:23,1.119895821,1BISS,T12P4,7,C
apple,x,2024/4/8 14:25,1.039012961,1BITF,T12P4,7,A
apple,x,2024/4/8 14:25,1.16730818,1BISV,T12P4,7,B
apple,x,2024/4/8 14:26,1.119623552,1BISZ,T12P4,7,C
apple,x,2024/4/8 14:27,1.062058861,1BITJ,T12P4,7,A
apple,x,2024/4/8 14:29,1.076861721,1BISS,T12P4,7,B
apple,x,2024/4/8 14:31,0.988824615,1BISW,T12P4,7,C
apple,x,2024/4/8 14:32,0.988859614,1BITM,T12P4,7,A
apple,x,2024/4/8 14:34,1.189975098,1BITN,T12P4,7,B
apple,x,2024/4/8 14:36,1.082179446,1BITH,T12P4,7,C
apple,x,2024/4/8 14:36,1.02377092,1BITO,T12P4,7,A
apple,x,2024/4/8 14:37,0.982108369,1BITI,T12P4,7,B
apple,x,2024/4/8 14:37,0.971933531,1BIUB,T12P4,7,C
apple,x,2024/4/8 14:38,0.926876029,1BITK,T12P4,7,A
apple,x,2024/4/8 14:38,0.864505029,1BITS,T12P4,7,B
apple,x,2024/4/8 14:39,0.862289019,1BIUJ,T12P4,7,C
apple,x,2024/4/8 14:39,1.130056612,1BISC,T12P4,7,A
apple,x,2024/4/8 14:40,0.897844684,1BITM,T12P4,7,B
apple,x,2024/4/8 14:41,0.921957825,1BIUM,T12P4,7,C
apple,x,2024/4/8 14:42,1.013401808,1BISP,T12P4,7,A
apple,x,2024/4/8 14:42,1.068286348,1BITK,T12P4,7,B
apple,x,2024/4/8 14:42,1.084935665,1BITN,T12P4,7,C
apple,x,2024/4/8 14:44,0.948446398,1BIUI,T12P4,7,A
apple,x,2024/4/8 14:44,1.022519204,1BITS,T12P4,7,B
apple,x,2024/4/8 14:45,0.910171683,1BITH,T12P4,7,C
apple,x,2024/4/8 14:45,1.012749767,1BIUP,T12P4,7,A
apple,x,2024/4/8 14:45,0.989238815,1BITM,T12P4,7,B
apple,x,2024/4/8 14:46,0.994604582,1BIUA,T12P4,7,C
apple,x,2024/4/8 14:47,1.161356366,1BITT,T12P4,7,A
apple,x,2024/4/8 14:48,0.943193908,1BIUE,T12P4,7,B
apple,x,2024/4/8 14:50,0.92334995,1BITK,T12P4,7,C
apple,x,2024/4/8 14:51,1.036788954,1BITT,T12P4,7,A
apple,x,2024/4/8 14:55,1.103177515,1BIRY,T12P4,7,B
apple,x,2024/4/8 14:59,0.929561491,1BISA,T12P4,7,C
apple,x,2024/5/2 14:13,0.863084004,1BIUH,T12P4,7,A
apple,x,2024/5/2 14:13,1.066987493,1BIUK,T12P4,7,B
apple,x,2024/5/2 14:13,0.966995136,1BIUN,T12P4,7,C
apple,x,2024/5/2 14:13,1.039062865,1BIUF,T12P4,7,A
apple,x,2024/5/2 14:13,0.931337509,1BIUF,T12P4,7,B
apple,x,2024/5/2 14:13,0.868187306,1BIRN,T12P4,7,C
apple,x,2024/5/2 14:13,1.008147296,1BIUO,T12P4,7,A
apple,x,2024/5/2 14:14,0.993678043,1BIUH,T12P4,7,B
apple,x,2024/5/2 14:14,0.821388652,1BIUY,T12P4,7,C
apple,x,2024/5/2 14:14,1.036382744,1BIUL,T12P4,7,A
apple,x,2024/5/2 14:14,0.829900094,1BIUL,T12P4,7,B
apple,x,2024/5/2 14:14,1.078474839,1BITE,T12P4,7,C
apple,x,2024/5/2 14:15,0.999809322,1BIUL,T12P4,7,A
apple,x,2024/5/2 14:15,0.966168561,1BIUN,T12P4,7,B
apple,x,2024/5/2 14:15,1.013147811,1BIVD,T12P4,7,C
apple,x,2024/5/2 14:15,0.958144145,1BIUK,T12P4,7,A
apple,x,2024/5/2 14:15,1.068053524,1BIUW,T12P4,7,B
apple,x,2024/5/2 14:15,0.865817051,1BIUQ,T12P4,7,C
apple,x,2024/5/2 14:15,0.876094613,1BIUX,T12P4,7,A
apple,x,2024/5/2 14:15,0.948246777,1BIUS,T12P4,7,B
apple,x,2024/5/2 14:15,1.062310258,1BIVT,T12P4,7,C
apple,x,2024/5/2 14:16,0.851713794,1BIUV,T12P4,7,A
apple,x,2024/5/2 14:16,0.922956857,1BIUK,T12P4,7,B
apple,x,2024/5/2 14:16,0.941008037,1BIUY,T12P4,7,C
apple,x,2024/5/2 14:16,1.005618489,1BIUR,T12P4,7,A
apple,x,2024/5/2 14:17,0.940383259,1BIVF,T12P4,7,B
apple,x,2024/5/2 14:17,0.94794585,1BIUU,T12P4,7,C
apple,x,2024/5/2 14:17,0.806116052,1BIVO,T12P4,7,A
apple,x,2024/5/2 14:17,1.117715194,1BIVO,T12P4,7,B
apple,x,2024/5/2 14:17,0.876653354,1BIVJ,T12P4,7,C
apple,x,2024/5/2 14:17,1.005746219,1BIVN,T12P4,7,A
apple,x,2024/5/2 14:17,0.947966442,1BIVN,T12P4,7,B
apple,x,2024/5/2 14:18,1.06122355,1BIVS,T12P4,7,C
apple,x,2024/5/2 14:18,0.869670718,1BIVX,T12P4,7,A
apple,x,2024/5/2 14:18,0.947235821,1BIVY,T12P4,7,B
apple,x,2024/5/2 14:18,1.096344258,1BIVE,T12P4,7,C
apple,x,2024/5/2 14:18,1.154477856,1BIVY,T12P4,7,A
apple,x,2024/5/2 14:18,0.937762294,1BIWF,T12P4,7,B
apple,x,2024/5/2 14:19,0.960685639,1BIWE,T12P4,7,C
apple,x,2024/5/2 14:19,0.933961047,1BIWF,T12P4,7,A
apple,x,2024/5/2 14:20,1.02195937,1BIVX,T12P4,7,B
apple,x,2024/5/15 12:04,1.121843983,1BIUZ,T12P4,7,C
apple,x,2024/5/15 12:05,1.068543098,1BIUT,T12P4,7,A
apple,x,2024/5/15 12:05,0.992763285,1BIUZ,T12P4,7,B
apple,x,2024/5/15 12:05,0.929221778,1BIWQ,T12P4,7,C
apple,x,2024/5/15 12:05,0.947005861,1BIUT,T12P4,7,A
apple,x,2024/5/15 12:05,1.142921173,1BIWL,T12P4,7,B
apple,x,2024/5/15 12:05,1.121041938,1BIWR,T12P4,7,C
apple,x,2024/5/15 12:05,1.002875346,1BIWL,T12P4,7,A
apple,x,2024/5/15 12:05,1.109414901,1BIWS,T12P4,7,B
apple,x,2024/5/15 12:06,1.106804424,1BIWS,T12P4,7,C
apple,x,2024/5/15 12:06,0.906676565,1BIWJ,T12P4,7,A
apple,x,2024/5/15 12:06,0.951538521,1BIWQ,T12P4,7,B
apple,x,2024/5/15 12:06,1.101487358,1BIVI,T12P4,7,C
apple,x,2024/5/15 12:06,0.964396363,1BIXB,T12P4,7,A
apple,x,2024/5/15 12:06,0.96060009,1BIWT,T12P4,7,B
apple,x,2024/5/15 12:06,1.019054284,1BIXN,T12P4,7,C
apple,x,2024/5/15 12:06,0.947887872,1BIWT,T12P4,7,A
apple,x,2024/5/15 12:06,1.032337444,1BIWK,T12P4,7,B
apple,x,2024/5/15 12:06,0.871335683,1BIXS,T12P4,7,C
apple,x,2024/5/15 12:07,1.127127561,1BIWR,T12P4,7,A
apple,x,2024/5/15 12:07,1.045422321,1BIXD,T12P4,7,B
apple,x,2024/5/15 12:07,1.033897342,1BIXC,T12P4,7,C
apple,x,2024/5/15 12:07,1.037126311,1BIWW,T12P4,7,A
apple,x,2024/5/15 12:07,1.146348643,1BIWT,T12P4,7,B
apple,x,2024/5/15 12:07,1.041449869,1BIXS,T12P4,7,C
apple,x,2024/5/15 12:07,1.149133412,1BIWR,T12P4,7,A
apple,x,2024/5/15 12:08,0.979316337,1BIWI,T12P4,7,B
apple,x,2024/5/15 12:08,1.099528935,1BIWU,T12P4,7,C
apple,x,2024/5/15 12:08,1.130267901,1BIXB,T12P4,7,A
apple,x,2024/5/31 12:20,0.983696411,1BINP,T12P4,7,B
apple,x,2024/5/31 12:20,0.943719505,1BIPO,T12P4,7,C
apple,x,2024/5/31 12:21,1.04133934,1BINZ,T12P4,7,A
apple,x,2024/5/31 12:21,1.070923092,1BIXP,T12P4,7,B
apple,x,2024/5/31 12:23,0.91958862,1BIPT,T12P4,7,C
apple,x,2024/5/31 12:23,0.874506913,1BIOI,T12P4,7,A
apple,x,2024/5/31 12:24,1.029668179,1BIOQ,T12P4,7,B
apple,x,2024/5/31 12:25,0.913358029,1BIPF,T12P4,7,C
apple,x,2024/5/31 12:25,1.103708303,1BIPL,T12P4,7,A
apple,x,2024/5/31 12:26,1.130403335,1BIPF,T12P4,7,B
apple,x,2024/5/31 12:26,1.032938508,1BIPG,T12P4,7,C
apple,x,2024/5/31 12:26,0.958464848,1BIPL,T12P4,7,A
apple,x,2024/5/31 12:27,0.936923528,1BIPM,T12P4,7,B
apple,x,2024/5/31 12:28,1.194138647,1BIPI,T12P4,7,C
apple,x,2024/5/31 12:28,0.750065742,1BIPP,T12P4,7,A
apple,x,2024/5/31 12:28,0.852745578,1BIPH,T12P4,7,B
apple,x,2024/5/31 12:29,0.934063491,1BIPQ,T12P4,7,C
apple,x,2024/5/31 12:30,0.952563119,1BIPQ,T12P4,7,A
apple,x,2024/5/31 12:30,0.859944101,1BIWV,T12P4,7,B
apple,x,2024/5/31 12:31,1.003935796,1BIXV,T12P4,7,C
apple,x,2024/5/31 12:31,1.056986823,1BIXA,T12P4,7,A
apple,x,2024/5/31 12:31,1.056729064,1BIXA,T12P4,7,B
apple,x,2024/5/31 12:31,1.030466941,1BIXM,T12P4,7,C
apple,x,2024/5/31 12:32,1.012632009,1BIXR,T12P4,7,A
apple,x,2024/5/31 12:32,0.855534565,1BIXM,T12P4,7,B
apple,x,2024/5/31 12:32,1.078144233,1BIXU,T12P4,7,C
apple,x,2024/5/31 12:32,0.91890825,1BIXL,T12P4,7,A
apple,x,2024/5/31 12:32,0.98339076,1BIXH,T12P4,7,B
apple,x,2024/5/31 12:32,0.878114494,1BIYE,T12P4,7,C
apple,x,2024/5/31 12:32,1.007538423,1BIYD,T12P4,7,A
apple,x,2024/5/31 12:32,0.886415396,1BIRU,T12P4,7,B
apple,x,2024/5/31 12:32,0.864932965,1BIXI,T12P4,7,C
apple,x,2024/5/31 12:32,0.916070304,1BIZE,T12P4,7,A
apple,x,2024/5/31 12:32,1.016421359,1BIYQ,T12P4,7,B
apple,x,2024/5/31 12:33,1.08252923,1BIXL,T12P4,7,C
apple,x,2024/5/31 12:33,0.927958433,1BIYT,T12P4,7,A
apple,x,2024/5/31 12:33,1.077806183,1BIYX,T12P4,7,B
apple,x,2024/5/31 12:33,1.086376926,1BIYO,T12P4,7,C
apple,x,2024/5/31 12:33,0.958706716,1BIXM,T12P4,7,A
apple,x,2024/5/31 12:34,1.074240789,1BJBX,T12P4,7,B
apple,x,2024/5/31 12:34,1.07353462,1BIXQ,T12P4,7,C
apple,x,2024/5/31 12:35,0.909414066,1BJCQ,T12P4,7,A
apple,x,2024/5/31 12:35,1.098445668,1BJCA,T12P4,7,B
apple,x,2024/5/31 12:35,0.799355769,1BIXV,T12P4,7,C
apple,x,2024/5/31 12:35,0.989502373,1BJCP,T12P4,7,A
apple,x,2024/5/31 12:35,0.835085176,1BJCV,T12P4,7,B
apple,x,2024/5/31 12:35,1.024099092,1BIXG,T12P4,7,C
apple,x,2024/5/31 12:35,0.950872622,1BJCM,T12P4,7,A
apple,x,2024/5/31 12:36,1.000000724,1BJBO,T12P4,7,B
apple,x,2024/5/31 12:36,1.022027152,1BIVA,T12P4,7,C
apple,x,2024/5/31 12:36,0.89802828,1BJBR,T12P4,7,A
apple,x,2024/5/31 12:36,1.044933264,1BIYP,T12P4,7,B
apple,x,2024/5/31 12:36,0.858787422,1BIYU,T12P4,7,C
apple,x,2024/5/31 12:36,1.123285718,1BIZB,T12P4,7,A
apple,x,2024/5/31 12:37,0.966435538,1BIXI,T12P4,7,B
apple,x,2024/5/31 12:37,0.908276536,1BIZC,T12P4,7,C
apple,x,2024/5/31 12:37,1.047712944,1BIYZ,T12P4,7,A
apple,x,2024/5/31 12:37,1.038684059,1BIZD,T12P4,7,B
apple,x,2024/5/31 12:37,1.059308673,1BIZC,T12P4,7,C
apple,x,2024/5/31 12:38,1.0488477,1BIZE,T12P4,7,A
apple,x,2024/5/31 12:38,0.917110301,1BIZF,T12P4,7,B
apple,x,2024/5/31 12:38,1.020288911,1BIZF,T12P4,7,C
apple,x,2024/5/31 12:41,0.874223734,1BIXH,T12P4,7,A
apple,x,2024/5/31 12:43,1.015133511,1BIYZ,T12P4,7,B
apple,x,2024/5/31 12:43,1.125922941,1BIXT,T12P4,7,C
apple,x,2024/5/31 12:45,1.079486712,1BIYU,T12P4,7,A
apple,x,2024/5/31 12:45,1.033764685,1BIYY,T12P4,7,B
apple,x,2024/6/5 09:03,0.950615383,1BIZA,T12P4,7,C
apple,x,2024/6/5 09:04,0.926920831,1BIZG,T12P4,7,A
apple,x,2024/6/5 09:05,1.102829177,1BIZR,T12P4,7,B
apple,x,2024/6/5 09:05,0.843486609,1BIZN,T12P4,7,C
apple,x,2024/6/5 09:06,0.854918064,1BIZW,T12P4,7,A
apple,x,2024/6/5 09:06,0.904450413,1BIZN,T12P4,7,B
apple,x,2024/6/5 09:07,1.013571762,1BIZT,T12P4,7,C
apple,x,2024/6/5 09:07,0.971227677,1BIZT,T12P4,7,A
apple,x,2024/6/5 09:08,1.088650633,1BIZK,T12P4,7,B
apple,x,2024/6/5 09:10,0.844429115,1BIZL,T12P4,7,C
apple,x,2024/6/5 09:12,0.865388945,1BIZJ,T12P4,7,A
apple,x,2024/6/5 09:13,1.02450721,1BIZO,T12P4,7,B
apple,x,2024/6/5 09:13,0.903725831,1BIZO,T12P4,7,C
apple,x,2024/6/5 09:13,1.042410488,1BIZY,T12P4,7,A
apple,x,2024/6/5 09:13,0.769389269,1BIZJ,T12P4,7,B
apple,x,2024/6/5 09:14,0.969274365,1BIZY,T12P4,7,C
apple,x,2024/6/5 09:14,0.948830922,1BJAB,T12P4,7,A
apple,x,2024/6/5 09:16,1.119291094,1BIZO,T12P4,7,B
apple,x,2024/6/5 09:16,1.220097599,1BIZZ,T12P4,7,C
apple,x,2024/6/5 09:16,0.986379876,1BJAB,T12P4,7,A
apple,x,2024/6/5 09:16,1.097599582,1BJAF,T12P4,7,B
apple,x,2024/6/5 09:17,1.065271359,1BIZY,T12P4,7,C
apple,x,2024/6/5 09:17,0.928573878,1BIZZ,T12P4,7,A
apple,x,2024/6/5 09:25,0.975939379,1BJAJ,T12P4,7,B
apple,x,2024/6/5 09:25,1.023890911,1BJAG,T12P4,7,C
apple,x,2024/6/5 09:25,0.829698721,1BJAK,T12P4,7,A
apple,x,2024/6/5 09:25,0.777244312,1BJAO,T12P4,7,B
apple,x,2024/6/5 09:26,0.984970484,1BJAM,T12P4,7,C
apple,x,2024/6/5 09:26,0.992003272,1BJAI,T12P4,7,A
apple,x,2024/6/5 09:26,1.120797058,1BJAU,T12P4,7,B
apple,x,2024/6/5 09:26,0.918134511,1BJAR,T12P4,7,C
apple,x,2024/6/5 09:27,1.056424626,1BJAK,T12P4,7,A
apple,x,2024/6/5 09:27,1.133718555,1BJAU,T12P4,7,B
apple,x,2024/6/5 09:27,0.8882083,1BJBB,T12P4,7,C
apple,x,2024/6/5 09:28,0.77415204,1BJAI,T12P4,7,A
apple,x,2024/6/5 09:30,0.956145331,1BJAV,T12P4,7,B
apple,x,2024/6/5 09:31,0.830253443,1BJBE,T12P4,7,C
apple,x,2024/6/5 09:31,1.067007512,1BJBC,T12P4,7,A
apple,x,2024/6/5 09:31,1.25403442,1BJBI,T12P4,7,B
apple,x,2024/6/5 09:31,1.018191709,1BJBE,T12P4,7,C
apple,x,2024/6/5 09:31,0.801070617,1BJBC,T12P4,7,A
apple,x,2024/6/5 09:32,0.923428337,1BJBG,T12P4,7,B
apple,x,2024/6/5 09:32,1.081352675,1BJBI,T12P4,7,C
apple,x,2024/6/5 09:32,1.129558009,1BJBI,T12P4,7,A
apple,x,2024/6/5 09:32,0.86183011,1BJBL,T12P4,7,B
apple,x,2024/6/5 09:33,1.074367312,1BJAV,T12P4,7,C
apple,x,2024/6/5 09:33,0.906379277,1BJBH,T12P4,7,A
apple,x,2024/6/5 09:34,1.113375974,1BJBJ,T12P4,7,B
apple,x,2024/6/28 13:48,1.066118338,1BJBA,T12P4,7,C
apple,x,2024/6/28 13:48,1.062713968,1BJAS,T12P4,7,A
apple,x,2024/6/28 13:48,0.946164658,1BJBD,T12P4,7,B
apple,x,2024/6/28 13:49,0.925155149,1BJBD,T12P4,7,C
apple,x,2024/6/28 13:49,0.967863212,1BJAS,T12P4,7,A
apple,x,2024/6/28 13:49,1.050360538,1BJBF,T12P4,7,B
apple,x,2024/6/28 13:49,0.93636,1BJAT,T12P4,7,C
apple,x,2024/6/28 13:49,1.044357482,1BJBA,T12P4,7,A
apple,x,2024/6/28 13:49,0.931502541,1BJBF,T12P4,7,B
apple,x,2024/6/28 13:49,1.007233381,1BJBD,T12P4,7,C
apple,x,2024/6/28 13:49,1.104834868,1BJBQ,T12P4,7,A
apple,x,2024/6/28 13:49,1.053881212,1BJBK,T12P4,7,B
apple,x,2024/6/28 13:49,0.92977785,1BJBS,T12P4,7,C
apple,x,2024/6/28 13:49,0.991680111,1BJBM,T12P4,7,A
apple,x,2024/6/28 13:50,1.061896451,1BJBN,T12P4,7,B
apple,x,2024/6/28 13:50,1.009020144,1BJBM,T12P4,7,C
apple,x,2024/6/28 13:50,1.089110085,1BJBV,T12P4,7,A
apple,x,2024/6/28 13:50,1.099438975,1BJBV,T12P4,7,B
apple,x,2024/6/28 13:50,1.000049979,1BJBW,T12P4,7,C
apple,x,2024/6/28 13:50,0.874236921,1BJBN,T12P4,7,A
apple,x,2024/6/28 13:50,0.96111864,1BJBT,T12P4,7,B
apple,x,2024/6/28 13:50,1.217779112,1BJCI,T12P4,7,C
apple,x,2024/6/28 13:50,1.175993881,1BJBK,T12P4,7,A
apple,x,2024/6/28 13:51,1.145791842,1BJBT,T12P4,7,B
apple,x,2024/6/28 13:51,1.110729063,1BJCF,T12P4,7,C
apple,x,2024/6/28 13:51,0.986229362,1BJBS,T12P4,7,A
apple,x,2024/6/28 13:57,1.058152524,1BJCJ,T12P4,7,B
apple,x,2024/6/28 13:57,1.010748334,1BJCZ,T12P4,7,C
apple,x,2024/6/28 13:57,0.900260356,1BJDD,T12P4,7,A
apple,x,2024/7/1 13:48,1.060732534,1BJCN,T12P4,7,B
apple,x,2024/7/1 13:48,0.947914663,1BJCU,T12P4,7,C
apple,x,2024/7/1 13:48,1.022921266,1BJCT,T12P4,7,A
apple,x,2024/7/1 13:48,0.979508714,1BJCT,T12P4,7,B
apple,x,2024/7/1 13:49,0.945628902,1BJCX,T12P4,7,C
apple,x,2024/7/1 13:49,1.044527788,1BJCX,T12P4,7,A
apple,x,2024/7/1 13:49,0.853539326,1BJCE,T12P4,7,B
apple,x,2024/7/1 13:49,0.855800479,1BJDA,T12P4,7,C
apple,x,2024/7/1 13:49,0.97268009,1BJBU,T12P4,7,A
apple,x,2024/7/1 13:49,1.00466755,1BJEE,T12P4,7,B
apple,x,2024/7/1 13:49,1.071330464,1BJBU,T12P4,7,C
apple,x,2024/7/1 13:49,1.23644237,1BJED,T12P4,7,A
apple,x,2024/7/1 13:49,1.09147975,1BJBY,T12P4,7,B
apple,x,2024/7/1 13:49,1.040210466,1BJEF,T12P4,7,C
apple,x,2024/7/1 13:50,1.09694888,1BJCK,T12P4,7,A
apple,x,2024/7/1 13:50,1.065315079,1BJEH,T12P4,7,B
apple,x,2024/7/1 13:50,0.989720837,1BJBY,T12P4,7,C
apple,x,2024/7/1 13:50,1.135688496,1BJCL,T12P4,7,A
apple,x,2024/7/1 13:50,1.027226528,1BJCB,T12P4,7,B
apple,x,2024/7/1 13:50,1.039912734,1BJCB,T12P4,7,C
apple,x,2024/7/1 13:50,0.982017815,1BJCG,T12P4,7,A
apple,x,2024/7/1 13:50,0.841032155,1BJCL,T12P4,7,B
apple,x,2024/7/3 14:21,1.097256222,1BJCW,T12P4,7,C
apple,x,2024/7/3 14:21,0.828714282,1BJCC,T12P4,7,A
apple,x,2024/7/3 14:21,0.96219102,1BJBP,T12P4,7,B
apple,x,2024/7/3 14:22,0.996768546,1BJCC,T12P4,7,C
apple,x,2024/7/3 14:22,1.012466692,1BJCO,T12P4,7,A
apple,x,2024/7/3 14:22,1.129964178,1BJDC,T12P4,7,B
apple,x,2024/7/3 14:23,0.858043061,1BJBZ,T12P4,7,C
apple,x,2024/7/3 14:23,1.061637852,1BJCD,T12P4,7,A
apple,x,2024/7/3 14:24,0.994006007,1BJDB,T12P4,7,B
apple,x,2024/7/3 14:24,0.970601153,1BJDF,T12P4,7,C
apple,x,2024/7/3 14:24,1.111442607,1BJDB,T12P4,7,A
apple,x,2024/7/3 14:24,0.836498815,1BJDI,T12P4,7,B
apple,x,2024/7/3 14:24,0.960384517,1BJDF,T12P4,7,C
apple,x,2024/7/3 14:24,0.744786286,1BJCH,T12P4,7,A
apple,x,2024/7/3 14:24,0.975339866,1BJDB,T12P4,7,B
apple,x,2024/7/3 14:24,1.017953741,1BJDE,T12P4,7,C
apple,x,2024/7/3 14:24,1.039829063,1BJDF,T12P4,7,A
apple,x,2024/7/3 14:24,1.204057825,1BJDI,T12P4,7,B
apple,x,2024/7/3 14:24,0.960284527,1BJDL,T12P4,7,C
apple,x,2024/8/1 11:36,0.972501127,1BJDN,T12P4,7,A
apple,x,2024/8/1 11:36,1.011265787,1BJDQ,T12P4,7,B
apple,x,2024/8/1 11:38,0.894468999,1BJDG,T12P4,7,C
apple,x,2024/8/1 11:38,1.042520163,1BJDH,T12P4,7,A
apple,x,2024/8/1 11:38,0.911411691,1BJDJ,T12P4,7,B
apple,x,2024/8/1 11:38,1.115603664,1BJDJ,T12P4,7,C
apple,x,2024/8/1 11:38,0.921130463,1BJDS,T12P4,7,A
apple,x,2024/8/1 11:39,1.101946203,1BJDK,T12P4,7,B
apple,x,2024/8/1 11:39,1.037892664,1BJDO,T12P4,7,C
apple,x,2024/8/1 11:39,0.993567801,1BJDK,T12P4,7,A
apple,x,2024/8/1 11:39,0.882140125,1BJDM,T12P4,7,B
apple,x,2024/8/1 11:39,1.018864515,1BJDW,T12P4,7,C
apple,x,2024/8/1 11:39,1.03144792,1BJDP,T12P4,7,A
apple,x,2024/8/1 11:40,0.830005601,1BJEB,T12P4,7,B
apple,x,2024/8/1 11:40,0.967068133,1BJDO,T12P4,7,C
apple,x,2024/8/1 11:40,0.901871269,1BJDS,T12P4,7,A
apple,x,2024/8/1 11:40,0.981894637,1BJEG,T12P4,7,B
apple,x,2024/8/1 11:41,1.003009721,1BJDX,T12P4,7,C
apple,x,2024/8/1 11:41,0.996132703,1BJEP,T12P4,7,A
apple,x,2024/8/1 11:41,0.980867087,1BJEI,T12P4,7,B
apple,x,2024/8/1 11:42,0.957329745,1BJEX,T12P4,7,C
apple,x,2024/8/1 11:42,0.948391682,1BJEZ,T12P4,7,A
apple,x,2024/8/1 11:43,1.028561753,1BJET,T12P4,7,B
apple,x,2024/8/1 11:43,0.879798511,1BJEW,T12P4,7,C
apple,x,2024/8/1 11:43,1.038444548,1BJFF,T12P4,7,A
apple,x,2024/8/1 11:43,0.796005111,1BJFD,T12P4,7,B
apple,x,2024/8/1 11:43,0.892353119,1BJFG,T12P4,7,C
apple,x,2024/8/1 11:43,1.044471824,1BJET,T12P4,7,A
apple,x,2024/8/1 11:43,0.861392003,1BJFA,T12P4,7,B
apple,x,2024/8/1 11:44,0.94146326,1BJEJ,T12P4,7,C
apple,x,2024/8/1 11:44,1.021257668,1BJFB,T12P4,7,A
apple,x,2024/8/1 11:44,0.895594383,1BJEM,T12P4,7,B
apple,x,2024/8/1 11:44,1.079864233,1BJFB,T12P4,7,C
apple,x,2024/8/1 11:44,1.076122649,1BJFC,T12P4,7,A
apple,x,2024/8/1 11:44,1.112605091,1BJES,T12P4,7,B
apple,x,2024/8/1 11:44,1.01009713,1BJES,T12P4,7,C
apple,x,2024/8/1 11:45,1.003016145,1BJFE,T12P4,7,A
apple,x,2024/8/5 15:34,0.955131845,1BJEK,T12P4,7,B
apple,x,2024/8/5 15:34,0.981779268,1BJEN,T12P4,7,C
apple,x,2024/8/5 15:34,0.934431408,1BJEO,T12P4,7,A
apple,x,2024/8/5 15:34,0.947995183,1BJEN,T12P4,7,B
apple,x,2024/8/5 15:34,1.001573132,1BJER,T12P4,7,C
apple,x,2024/8/5 15:34,1.153500411,1BJER,T12P4,7,A
apple,x,2024/8/5 15:35,1.105749801,1BJEQ,T12P4,7,B
apple,x,2024/8/5 15:35,0.78438564,1BJEV,T12P4,7,C
apple,x,2024/8/5 15:35,0.926164014,1BJEV,T12P4,7,A
apple,x,2024/8/5 15:36,1.009327616,1BJEQ,T12P4,7,B
apple,x,2024/8/5 15:36,0.969885749,1BJFH,T12P4,7,C
apple,x,2024/8/5 15:36,1.003096402,1BJEV,T12P4,7,A
apple,x,2024/8/5 15:36,0.94023265,1BJFI,T12P4,7,B
apple,x,2024/8/5 15:36,1.071951715,1BJFI,T12P4,7,C
apple,x,2024/8/5 15:36,1.136345579,1BJFP,T12P4,7,A
apple,x,2024/8/5 15:37,1.020253245,1BJGA,T12P4,7,B
apple,x,2024/8/8 11:14,1.093348003,1BJFX,T12P4,7,C
apple,x,2024/8/8 11:14,1.153706646,1BJGD,T12P4,7,A
apple,x,2024/8/8 11:15,0.957388996,1BJGB,T12P4,7,B
apple,x,2024/8/8 11:15,1.037304082,1BJGJ,T12P4,7,C
apple,x,2024/9/3 12:23,1.197098138,1BJGC,T12P4,7,A
apple,x,2024/9/3 12:23,1.114365323,1BJFY,T12P4,7,B
apple,x,2024/9/3 12:24,1.020375944,1BJFZ,T12P4,7,C
apple,x,2024/9/3 12:24,1.184578979,1BJGF,T12P4,7,A
apple,x,2024/9/3 12:25,0.871751723,1BJGH,T12P4,7,B
apple,x,2024/9/3 12:25,0.871464046,1BJGG,T12P4,7,C
apple,x,2024/9/3 12:25,0.925918792,1BJFZ,T12P4,7,A
apple,x,2024/9/3 12:26,1.138886541,1BJGG,T12P4,7,B
apple,x,2024/9/3 12:26,0.984370474,1BJGK,T12P4,7,C
apple,x,2024/9/13 12:21,0.983016433,1BJGI,T12P4,7,A
apple,x,2024/9/13 12:21,0.756840836,1BJFL,T12P4,7,B
apple,x,2024/9/13 12:21,1.091465666,1BJHE,T12P4,7,C
apple,x,2024/9/13 12:21,0.970138361,1BJGL,T12P4,7,A
apple,x,2024/9/13 12:22,1.090875371,1BJGI,T12P4,7,B
apple,x,2024/9/13 12:21,1.100845655,1BJGE,T12P4,7,C
apple,x,2024/9/13 12:22,1.172390771,1BJHJ,T12P4,7,A
apple,x,2024/9/13 12:22,0.954401537,1BJGE,T12P4,7,B
apple,x,2024/9/13 12:22,1.159519501,1BJEY,T12P4,7,C
apple,x,2024/9/13 12:22,1.067941058,1BJGM,T12P4,7,A
apple,x,2024/9/13 12:23,1.025303297,1BJHS,T12P4,7,B
apple,x,2024/9/13 12:23,1.142822919,1BJGM,T12P4,7,C
apple,x,2024/9/13 12:23,1.092596766,1BJIZ,T12P4,7,A
apple,x,2024/9/13 12:23,0.963729604,1BJHY,T12P4,7,B
apple,x,2024/9/13 12:23,0.980131426,1BJHS,T12P4,7,C
apple,x,2024/9/13 12:24,1.080487226,1BJHV,T12P4,7,A
apple,x,2024/9/13 12:24,1.165126713,1BJHZ,T12P4,7,B
apple,x,2024/9/13 12:24,1.06326755,1BJHY,T12P4,7,C
apple,x,2024/9/13 12:25,0.947181271,1BJIV,T12P4,7,A
apple,x,2024/9/13 12:25,0.937684458,1BJHS,T12P4,7,B
apple,x,2024/9/13 12:25,1.05345567,1BJIV,T12P4,7,C
apple,x,2024/9/13 12:25,0.994855406,1BJHJ,T12P4,7,A
apple,x,2024/9/13 12:26,0.988162203,1BJIW,T12P4,7,B
apple,x,2024/9/23 11:06,0.843471403,1BJJE,T12P4,7,C
apple,x,2024/9/23 11:06,0.985195947,1BJJN,T12P4,7,A
apple,x,2024/9/23 11:06,0.986250321,1BJJM,T12P4,7,B
apple,x,2024/9/23 11:06,0.960197935,1BJJJ,T12P4,7,C
apple,x,2024/9/23 11:06,0.956826778,1BJJS,T12P4,7,A
apple,x,2024/9/23 11:06,0.856811834,1BJJR,T12P4,7,B
apple,x,2024/9/23 11:07,0.920742827,1BJKE,T12P4,7,C
apple,x,2024/9/23 11:07,1.170651792,1BJKA,T12P4,7,A
apple,x,2024/9/23 11:07,1.053466351,1BJJW,T12P4,7,B
apple,x,2024/9/23 11:07,1.206730934,1BJJQ,T12P4,7,C
apple,x,2024/9/23 11:07,0.919818218,1BJIX,T12P4,7,A
apple,x,2024/9/23 11:07,0.901305409,1BJJR,T12P4,7,B
apple,x,2024/9/23 11:07,0.998938105,1BJKC,T12P4,7,C
apple,x,2024/9/23 11:07,0.948736307,1BJJX,T12P4,7,A
apple,x,2024/9/23 11:07,1.043308867,1BJKC,T12P4,7,B
apple,x,2024/9/23 11:08,1.131069923,1BJKB,T12P4,7,C
apple,x,2024/9/23 11:08,0.85867849,1BJKK,T12P4,7,A
apple,x,2024/9/23 11:08,0.91317985,1BJJE,T12P4,7,B
apple,x,2024/9/23 11:08,1.177964373,1BJKJ,T12P4,7,C
apple,x,2024/9/23 11:09,1.063531497,1BJKF,T12P4,7,A
apple,x,2024/9/23 11:09,1.00035804,1BJJS,T12P4,7,B
apple,x,2024/9/23 11:09,0.855774204,1BJKJ,T12P4,7,C
apple,x,2024/9/23 11:09,1.009462486,1BJJJ,T12P4,7,A
apple,x,2024/9/23 11:10,1.067262105,1BJKK,T12P4,7,B
apple,x,2024/9/23 11:09,1.03314778,1BJJN,T12P4,7,C
apple,x,2024/9/23 11:10,1.094311184,1BJKA,T12P4,7,A
apple,x,2024/9/23 11:10,0.994082783,1BJJT,T12P4,7,B
apple,x,2024/9/23 11:10,1.027833701,1BJKG,T12P4,7,C
apple,x,2024/9/23 11:10,1.009231012,1BJKN,T12P4,7,A
apple,x,2024/9/23 11:11,0.913096564,1BJKK,T12P4,7,B
apple,x,2024/9/23 11:11,1.06770152,1BJJT,T12P4,7,C
apple,x,2024/9/23 11:11,1.207395662,1BJKG,T12P4,7,A
apple,x,2024/9/23 11:12,1.005247995,1BJJX,T12P4,7,B
apple,x,2024/9/23 11:12,1.143779024,1BJKN,T12P4,7,C
apple,x,2024/9/23 11:13,0.933424633,1BJKT,T12P4,7,A
apple,x,2024/10/8 09:36,0.765858045,1BJKS,T12P4,7,B
apple,x,2024/10/8 09:37,0.900652303,1BJLG,T12P4,7,C
apple,x,2024/10/8 09:37,1.150361575,1BJKV,T12P4,7,A
apple,x,2024/10/8 09:37,0.978533226,1BJLL,T12P4,7,B
apple,x,2024/10/8 09:38,1.140385172,1BJLI,T12P4,7,C
apple,x,2024/10/8 09:38,1.049543788,1BJLH,T12P4,7,A
apple,x,2024/10/8 09:38,0.905429723,1BJLQ,T12P4,7,B
apple,x,2024/10/8 09:39,1.034256031,1BJLH,T12P4,7,C
apple,x,2024/10/8 09:39,1.149391765,1BJLX,T12P4,7,A
apple,x,2024/10/8 09:39,1.008046322,1BJLL,T12P4,7,B
apple,x,2024/10/8 09:40,0.926674508,1BJLY,T12P4,7,C
apple,x,2024/10/8 09:40,0.916833491,1BJKS,T12P4,7,A
apple,x,2024/10/8 09:41,1.158921352,1BJLG,T12P4,7,B
apple,x,2024/10/8 09:41,1.083044734,1BJLO,T12P4,7,C
apple,x,2024/10/8 09:41,1.047504689,1BJLK,T12P4,7,A
apple,x,2024/10/8 09:42,0.978912154,1BJLO,T12P4,7,B
apple,x,2024/10/8 09:42,1.031005313,1BJLJ,T12P4,7,C
apple,x,2024/10/8 09:42,1.063115345,1BJLK,T12P4,7,A
apple,x,2024/10/8 09:43,0.995709248,1BJLL,T12P4,7,B
apple,x,2024/10/8 09:43,0.951978976,1BJLK,T12P4,7,C
apple,x,2024/10/8 09:44,0.997176515,1BJMC,T12P4,7,A
apple,x,2024/10/8 09:44,1.047980534,1BJLQ,T12P4,7,B
apple,x,2024/10/8 09:44,0.92578679,1BJMD,T12P4,7,C
apple,x,2024/10/8 09:49,1.058499415,1BJLP,T12P4,7,A
apple,x,2024/10/8 09:49,1.083637988,1BJLP,T12P4,7,B
apple,x,2024/10/8 09:50,1.158752488,1BJMQ,T12P4,7,C
apple,x,2024/10/8 09:50,1.07395081,1BJMB,T12P4,7,A
apple,x,2024/10/8 09:50,0.952600353,1BJLW,T12P4,7,B
apple,x,2024/10/8 09:50,1.025990118,1BJJF,T12P4,7,C
apple,x,2024/10/8 09:50,1.101656834,1BJMV,T12P4,7,A
apple,x,2024/10/8 09:50,0.930048908,1BJIY,T12P4,7,B
apple,x,2024/10/8 09:51,1.038021458,1BJJI,T12P4,7,C
apple,x,2024/10/8 09:51,0.936399126,1BJMS,T12P4,7,A
apple,x,2024/10/8 09:52,0.769252888,1BJMR,T12P4,7,B
apple,x,2024/10/8 09:52,1.040864997,1BJJF,T12P4,7,C
apple,x,2024/10/8 09:52,1.101225742,1BJMV,T12P4,7,A
apple,x,2024/10/8 09:53,0.991028609,1BJLW,T12P4,7,B
apple,x,2024/10/8 09:53,0.906881976,1BJMS,T12P4,7,C
apple,x,2024/10/8 09:53,0.892827863,1BJMS,T12P4,7,A
apple,x,2024/10/8 09:53,0.969495081,1BJJI,T12P4,7,B
apple,x,2024/10/8 09:55,1.045263782,1BJMW,T12P4,7,C
apple,x,2024/10/8 09:56,0.971214005,1BJNC,T12P4,7,A
apple,x,2024/10/8 09:56,0.928946204,1BJMX,T12P4,7,B
apple,x,2024/10/8 09:56,1.233954909,1BJMW,T12P4,7,C
apple,x,2024/10/8 09:56,1.077944886,1BJNC,T12P4,7,A
apple,x,2024/10/8 09:57,0.993553861,1BJNQ,T12P4,7,B
apple,x,2024/10/8 09:57,1.001395011,1BJOD,T12P4,7,C
apple,x,2024/10/8 09:57,1.002682556,1BJMX,T12P4,7,A
apple,x,2024/10/8 09:57,1.182400276,1BJNG,T12P4,7,B
apple,x,2024/10/8 09:58,0.778961913,1BJOE,T12P4,7,C
apple,x,2024/10/8 09:58,1.189932899,1BJNM,T12P4,7,A
apple,x,2024/10/8 09:59,0.930793257,1BJOC,T12P4,7,B
apple,x,2024/10/8 09:59,1.043140381,1BJNA,T12P4,7,C
apple,x,2024/10/8 09:59,0.938240018,1BJOF,T12P4,7,A
apple,x,2024/10/8 09:59,1.102154641,1BJNA,T12P4,7,B
apple,x,2024/10/8 10:00,1.11923817,1BJND,T12P4,7,C
apple,x,2024/10/8 10:00,1.043911697,1BJOG,T12P4,7,A
apple,x,2024/10/8 10:00,0.942543377,1BJNB,T12P4,7,B
apple,x,2024/10/8 10:00,0.806629796,1BJOH,T12P4,7,C
apple,x,2024/10/8 10:01,0.832803972,1BJNG,T12P4,7,A
apple,x,2024/10/17 11:00,1.092224637,1BJOI,T12P4,7,B
apple,x,2024/10/17 11:00,1.01839761,1BJPC,T12P4,7,C
apple,x,2024/10/17 11:00,1.036409881,1BJOQ,T12P4,7,A
apple,x,2024/10/17 11:01,0.908502989,1BJPK,T12P4,7,B
apple,x,2024/10/17 11:01,0.821440036,1BJOX,T12P4,7,C
apple,x,2024/10/17 11:02,1.019268079,1BJOX,T12P4,7,A
apple,x,2024/10/17 11:02,0.812840271,1BJON,T12P4,7,B
apple,x,2024/10/17 11:03,1.059213597,1BJPB,T12P4,7,C
apple,x,2024/10/17 11:04,0.850992812,1BJPC,T12P4,7,A
apple,x,2024/10/17 11:07,1.034939201,1BJPG,T12P4,7,B
apple,x,2024/10/17 11:07,1.162483782,1BJOW,T12P4,7,C
apple,x,2024/10/17 11:08,0.898411346,1BJPJ,T12P4,7,A
apple,x,2024/10/17 11:08,0.995006428,1BJOW,T12P4,7,B
apple,x,2024/10/17 11:08,1.058995943,1BJPN,T12P4,7,C
apple,x,2024/10/17 11:09,0.99245377,1BJPN,T12P4,7,A
apple,x,2024/10/17 11:09,0.970490436,1BJPG,T12P4,7,B
apple,x,2024/10/17 11:10,0.923456589,1BJPZ,T12P4,7,C
apple,x,2024/10/17 11:10,1.049302208,1BJPW,T12P4,7,A
apple,x,2024/10/17 11:10,0.984944036,1BJPF,T12P4,7,B
apple,x,2024/10/17 11:10,1.283519497,1BJPL,T12P4,7,C
apple,x,2024/10/17 11:10,1.117202469,1BJQI,T12P4,7,A
apple,x,2024/10/17 11:11,0.970430976,1BJQM,T12P4,7,B
apple,x,2024/10/17 11:11,1.012097915,1BJPZ,T12P4,7,C
apple,x,2024/10/17 11:11,0.932268447,1BJQC,T12P4,7,A
apple,x,2024/10/17 11:12,0.958319469,1BJQR,T12P4,7,B
apple,x,2024/10/17 11:14,0.805049817,1BJQS,T12P4,7,C
apple,x,2024/10/17 11:15,1.020378505,1BJPT,T12P4,7,A
apple,x,2024/10/17 11:15,1.078614899,1BJPT,T12P4,7,B
apple,x,2024/10/17 11:15,1.076636108,1BJQN,T12P4,7,C
apple,x,2024/10/17 11:16,0.986674128,1BJQT,T12P4,7,A
apple,x,2024/10/17 11:16,0.985757004,1BJQP,T12P4,7,B
apple,x,2024/10/17 11:17,0.867850695,1BJRV,T12P4,7,C
apple,x,2024/10/17 11:18,1.066199574,1BJPJ,T12P4,7,A
apple,x,2024/10/17 11:19,1.06139434,1BJQP,T12P4,7,B
apple,x,2024/10/17 11:19,0.950148986,1BJOS,T12P4,7,C
apple,x,2024/10/17 11:20,0.964850312,1BJPS,T12P4,7,A
apple,x,2024/10/17 11:22,1.004966863,1BJQM,T12P4,7,B
apple,x,2024/10/17 11:24,0.982358415,1BJQT,T12P4,7,C
apple,x,2024/10/17 11:24,0.975404291,1BJOT,T12P4,7,A
apple,x,2024/10/17 11:24,1.058951063,1BJPO,T12P4,7,B
apple,x,2024/10/21 12:14,0.877377876,1BJRY,T12P4,7,C
apple,x,2024/10/21 12:14,1.17243223,1BJRY,T12P4,7,A
apple,x,2024/10/21 12:15,0.887577767,1BJSA,T12P4,7,B
apple,x,2024/10/21 12:15,1.038054675,1BJSV,T12P4,7,C
apple,x,2024/10/21 12:15,1.010245891,1BJRX,T12P4,7,A
apple,x,2024/10/21 12:16,1.087428978,1BJTD,T12P4,7,B
apple,x,2024/10/21 12:17,0.886303167,1BJSE,T12P4,7,C
apple,x,2024/10/21 12:18,0.962463016,1BJSZ,T12P4,7,A
apple,x,2024/10/21 12:18,0.971838712,1BJSF,T12P4,7,B
apple,x,2024/10/21 12:18,0.964747843,1BJSS,T12P4,7,C
apple,x,2024/10/21 12:18,0.96704568,1BJSF,T12P4,7,A
apple,x,2024/10/21 12:20,1.154589609,1BJSP,T12P4,7,B
apple,x,2024/10/21 12:20,0.976173928,1BJSV,T12P4,7,C
apple,x,2024/10/21 12:20,1.084362587,1BJSG,T12P4,7,A
apple,x,2024/10/21 12:19,1.016888467,1BJTJ,T12P4,7,B
apple,x,2024/10/21 12:20,1.035145922,1BJSP,T12P4,7,C
apple,x,2024/10/21 12:22,1.077055634,1BJTE,T12P4,7,A
apple,x,2024/10/21 12:22,1.055579133,1BJSZ,T12P4,7,B
apple,x,2024/10/21 12:22,0.860969482,1BJRX,T12P4,7,C
apple,x,2024/10/21 12:23,0.934955172,1BJTE,T12P4,7,A
apple,x,2024/10/21 13:35,1.072761121,1BJUE,T12P4,7,B
apple,x,2024/10/21 13:35,1.040573001,1BJTK,T12P4,7,C
apple,x,2024/10/21 13:35,0.981177269,1BJSY,T12P4,7,A
apple,x,2024/10/21 13:36,1.037756585,1BJSO,T12P4,7,B
apple,x,2024/10/21 13:35,0.962682542,1BJTK,T12P4,7,C
apple,x,2024/10/21 13:36,1.043198191,1BJUJ,T12P4,7,A
apple,x,2024/10/21 13:36,0.883696734,1BJUH,T12P4,7,B
apple,x,2024/10/21 13:37,0.948782035,1BJRZ,T12P4,7,C
apple,x,2024/10/21 13:37,0.999322668,1BJRZ,T12P4,7,A
apple,x,2024/10/21 13:37,1.064848178,1BJUF,T12P4,7,B
apple,x,2024/10/21 13:38,0.906787367,1BJUL,T12P4,7,C
apple,x,2024/10/21 13:38,0.848343426,1BJTZ,T12P4,7,A
apple,x,2024/10/21 13:40,0.930125884,1BJUI,T12P4,7,B
apple,x,2024/10/21 13:40,1.067220193,1BJUJ,T12P4,7,C
apple,x,2024/10/21 13:41,0.933826903,1BJUU,T12P4,7,A
apple,x,2024/10/21 13:41,1.137176752,1BJUE,T12P4,7,B
apple,x,2024/10/21 13:40,1.028403384,1BJUP,T12P4,7,C
apple,x,2024/10/21 13:41,0.756554018,1BJUK,T12P4,7,A
apple,x,2024/10/21 13:41,1.034862609,1BJUM,T12P4,7,B
apple,x,2024/10/21 13:42,1.120727705,1BJUF,T12P4,7,C
apple,x,2024/10/21 13:42,1.182134034,1BJUT,T12P4,7,A
apple,x,2024/10/21 13:42,0.941951949,1BJUT,T12P4,7,B
apple,x,2024/10/21 13:42,1.012687923,1BJUM,T12P4,7,C
apple,x,2024/10/21 13:43,1.107619552,1BJUK,T12P4,7,A
apple,x,2024/10/21 13:43,0.897406942,1BJUP,T12P4,7,B
apple,x,2024/10/24 09:37,0.908519163,1BJUG,T12P4,7,C
apple,x,2024/10/24 09:38,1.033766891,1BJUX,T12P4,7,A
apple,x,2024/10/24 09:39,0.996803831,1BJVI,T12P4,7,B
apple,x,2024/10/24 09:39,0.983290855,1BJVJ,T12P4,7,C
apple,x,2024/10/24 09:40,1.047282903,1BJVQ,T12P4,7,A
apple,x,2024/10/24 09:40,1.211180223,1BJVN,T12P4,7,B
apple,x,2024/10/24 09:41,1.062474849,1BJVJ,T12P4,7,C
apple,x,2024/10/24 09:40,0.926121534,1BJUX,T12P4,7,A
apple,x,2024/10/24 09:41,0.943114717,1BJVI,T12P4,7,B
apple,x,2024/10/24 09:41,0.976732115,1BJUR,T12P4,7,C
apple,x,2024/10/24 09:41,1.067414824,1BJVQ,T12P4,7,A
apple,x,2024/10/24 09:42,1.015875592,1BJVK,T12P4,7,B
apple,x,2024/10/24 09:41,0.972502831,1BJVB,T12P4,7,C
apple,x,2024/10/24 09:42,1.094776919,1BJVR,T12P4,7,A
apple,x,2024/10/24 09:42,1.001062018,1BJVI,T12P4,7,B
apple,x,2024/10/24 09:42,0.982129653,1BJVM,T12P4,7,C
apple,x,2024/10/24 09:42,0.827487491,1BJUO,T12P4,7,A
apple,x,2024/10/24 09:42,0.797286938,1BJUY,T12P4,7,B
apple,x,2024/10/24 09:43,0.98326708,1BJVR,T12P4,7,C
apple,x,2024/10/24 09:43,0.938344329,1BJVI,T12P4,7,A
apple,x,2024/10/24 09:43,1.106614922,1BJVM,T12P4,7,B
apple,x,2024/10/24 09:43,1.039774158,1BJUW,T12P4,7,C
apple,x,2024/10/24 09:43,1.035973065,1BJVB,T12P4,7,A
apple,x,2024/10/24 09:43,0.891843071,1BJVN,T12P4,7,B
apple,x,2024/10/24 09:43,0.782887343,1BJUR,T12P4,7,C
apple,x,2024/10/24 09:44,0.966690971,1BJVP,T12P4,7,A
apple,x,2024/10/24 09:43,1.08385294,1BJVS,T12P4,7,B
apple,x,2024/10/24 09:44,0.906023347,1BJUN,T12P4,7,C
apple,x,2024/10/24 09:44,1.092205237,1BJVD,T12P4,7,A
apple,x,2024/10/24 09:45,1.130251391,1BJVP,T12P4,7,B
apple,x,2024/10/24 09:45,0.928863714,1BJVM,T12P4,7,C
apple,x,2024/10/24 09:46,0.858432989,1BJVQ,T12P4,7,A
apple,x,2024/11/15 11:45,1.032374977,1BJVL,T12P4,7,B
apple,x,2024/11/15 11:46,0.929844991,1BJVU,T12P4,7,C
apple,x,2024/11/15 11:48,1.035716038,1BJVE,T12P4,7,A
apple,x,2024/11/15 11:48,0.877915497,1BJWB,T12P4,7,B
apple,x,2024/11/15 11:50,0.874243891,1BJVV,T12P4,7,C
apple,x,2024/11/15 11:49,1.00743159,1BJWF,T12P4,7,A
apple,x,2024/11/15 11:49,0.992387147,1BJWB,T12P4,7,B
apple,x,2024/11/15 11:50,0.934318698,1BJVO,T12P4,7,C
apple,x,2024/11/15 11:50,0.91392997,1BJWC,T12P4,7,A
apple,x,2024/11/15 11:50,1.050089741,1BJVW,T12P4,7,B
apple,x,2024/11/15 11:51,0.979794674,1BJWG,T12P4,7,C
apple,x,2024/11/15 11:51,0.999465048,1BJWE,T12P4,7,A
apple,x,2024/11/15 11:51,1.038854786,1BJVU,T12P4,7,B
apple,x,2024/11/15 11:51,1.131851217,1BJWE,T12P4,7,C
apple,x,2024/11/15 11:51,0.9887644,1BJVW,T12P4,7,A
apple,x,2024/11/15 11:52,0.876268014,1BJWO,T12P4,7,B
apple,x,2024/11/15 11:53,0.980407057,1BJWH,T12P4,7,C
apple,x,2024/11/15 11:54,1.286209392,1BJWR,T12P4,7,A
apple,x,2024/11/15 11:53,1.071265303,1BJVE,T12P4,7,B
apple,x,2024/11/15 11:53,0.926750535,1BJWM,T12P4,7,C
apple,x,2024/11/15 11:54,0.853498625,1BJVL,T12P4,7,A
apple,x,2024/11/15 11:55,0.746933647,1BJWI,T12P4,7,B
apple,x,2024/11/15 11:54,0.967869806,1BJVZ,T12P4,7,C
apple,x,2024/11/15 11:55,0.92149171,1BJWM,T12P4,7,A
apple,x,2024/11/15 11:55,1.057819125,1BJWU,T12P4,7,B
apple,x,2024/11/15 11:56,0.811609632,1BJWO,T12P4,7,C
apple,x,2024/11/15 11:56,1.046166755,1BJWI,T12P4,7,A
apple,x,2024/11/15 11:56,1.015228579,1BJWI,T12P4,7,B
apple,x,2024/11/15 11:56,0.825529751,1BJVT,T12P4,7,C
apple,x,2024/11/15 11:56,0.986605162,1BJWC,T12P4,7,A
apple,x,2024/11/15 11:57,0.793435438,1BJWQ,T12P4,7,B
apple,x,2024/11/15 11:57,0.953467303,1BJVE,T12P4,7,C
apple,x,2024/11/15 11:58,0.834099596,1BJWP,T12P4,7,A
apple,x,2024/11/15 11:58,0.943965439,1BJVV,T12P4,7,B
apple,x,2024/11/15 11:58,1.122372187,1BJWG,T12P4,7,C
apple,x,2024/11/15 11:58,1.075269,1BJWQ,T12P4,7,A
apple,x,2024/11/15 11:59,0.942124819,1BJVZ,T12P4,7,B
apple,x,2024/11/15 11:58,1.040922126,1BJWC,T12P4,7,C
apple,x,2024/11/15 11:58,0.951790379,1BJWX,T12P4,7,A
apple,x,2024/11/15 11:59,0.885752769,1BJWH,T12P4,7,B
apple,x,2024/11/15 12:00,1.026445203,1BJWS,T12P4,7,C
apple,x,2024/11/15 12:00,0.912859766,1BJWQ,T12P4,7,A
apple,x,2024/11/15 12:01,1.119834825,1BJWQ,T12P4,7,B
apple,x,2024/11/15 12:01,0.968871673,1BJWU,T12P4,7,C
apple,x,2024/11/15 12:01,0.969247278,1BJWS,T12P4,7,A
apple,x,2024/11/22 11:17,0.844560037,1BJWL,T12P4,7,B
apple,x,2024/11/22 11:19,0.916920152,1BJWN,T12P4,7,C
apple,x,2024/11/22 11:19,1.029038578,1BJWT,T12P4,7,A
apple,x,2024/11/22 11:22,1.042491504,1BJWL,T12P4,7,B
apple,x,2024/11/22 11:27,1.039201308,1BJXE,T12P4,7,C
apple,x,2024/11/22 11:30,0.983523738,1BJXG,T12P4,7,A
apple,x,2024/11/22 11:33,1.060261848,1BJWK,T12P4,7,B
apple,x,2024/11/22 11:35,1.03470412,1BJXC,T12P4,7,C
apple,x,2024/11/22 11:38,0.981970011,1BJXF,T12P4,7,A
apple,x,2024/11/22 11:42,0.937809961,1BJXH,T12P4,7,B
apple,x,2024/11/22 11:46,1.002292512,1BJXH,T12P4,7,C
apple,x,2024/11/25 12:25,0.904384678,1BJWV,T12P4,7,A
apple,x,2024/11/25 12:25,0.973374058,1BJWW,T12P4,7,B
apple,x,2024/11/25 12:25,1.028466264,1BJXA,T12P4,7,C
apple,x,2024/11/25 12:25,0.968071982,1BJWV,T12P4,7,A
apple,x,2024/11/25 12:26,1.010643782,1BJWW,T12P4,7,B
apple,x,2024/11/25 12:26,1.066729505,1BJXP,T12P4,7,C
apple,x,2024/11/25 12:26,0.945491516,1BJXR,T12P4,7,A
apple,x,2024/11/25 12:26,1.069830344,1BJXP,T12P4,7,B
apple,x,2024/11/25 12:26,0.887994901,1BJXT,T12P4,7,C
apple,x,2024/11/25 12:26,1.136694352,1BJXX,T12P4,7,A
apple,x,2024/11/25 12:26,1.168626066,1BJYH,T12P4,7,B
apple,x,2024/11/25 12:27,1.009046419,1BJXR,T12P4,7,C
apple,x,2024/11/25 12:27,1.165537811,1BJYH,T12P4,7,A
apple,x,2024/12/2 15:04,0.896202111,1BJXU,T12P4,7,B
apple,x,2024/12/2 15:04,0.977461504,1BJXS,T12P4,7,C
apple,x,2024/12/2 15:04,1.195656631,1BJXU,T12P4,7,A
apple,x,2024/12/2 15:04,0.860448123,1BJXS,T12P4,7,B
apple,x,2024/12/2 15:04,0.971619288,1BJYD,T12P4,7,C
apple,x,2024/12/2 15:04,1.118328013,1BJYD,T12P4,7,A
apple,x,2024/12/2 15:04,1.072751499,1BJXZ,T12P4,7,B
apple,x,2024/12/2 15:04,1.078316596,1BJXV,T12P4,7,C
apple,x,2024/12/2 15:04,1.008599772,1BJYE,T12P4,7,A
apple,x,2024/12/2 15:05,0.95682697,1BJYE,T12P4,7,B
apple,x,2024/12/2 15:05,1.102790768,1BJYC,T12P4,7,C
apple,x,2024/12/2 15:05,1.184810252,1BJYL,T12P4,7,A
apple,x,2024/12/2 15:05,0.95341199,1BJXV,T12P4,7,B
apple,x,2024/12/2 15:05,1.000056962,1BJYL,T12P4,7,C
apple,x,2024/12/2 15:05,1.082273598,1BJYK,T12P4,7,A
apple,x,2024/12/2 15:05,1.241854044,1BJYL,T12P4,7,B
apple,x,2024/12/2 15:05,1.027603751,1BJXW,T12P4,7,C
apple,x,2024/12/2 15:06,0.919834529,1BJXZ,T12P4,7,A
apple,x,2024/12/2 15:06,0.935352506,1BJYP,T12P4,7,B
apple,x,2024/12/2 15:06,0.977250694,1BJYC,T12P4,7,C
apple,x,2024/12/2 15:06,1.130256757,1BJXU,T12P4,7,A
apple,x,2024/12/2 15:06,0.965026434,1BJXB,T12P4,7,B
apple,x,2024/12/2 15:06,1.079019387,1BJYD,T12P4,7,C
apple,x,2024/12/2 15:06,1.173894218,1BJYF,T12P4,7,A
apple,x,2024/12/2 15:06,1.16380431,1BJYO,T12P4,7,B
apple,x,2024/12/2 15:06,0.945501163,1BJYU,T12P4,7,C
apple,x,2024/12/2 15:06,1.14423365,1BJYV,T12P4,7,A
apple,x,2024/12/2 15:06,0.952036806,1BJYO,T12P4,7,B
apple,x,2024/12/2 15:07,0.821153466,1BJYU,T12P4,7,C
apple,x,2024/12/2 15:07,1.117194643,1BJYG,T12P4,7,A
apple,x,2024/12/2 15:07,1.263716091,1BJYG,T12P4,7,B
apple,x,2024/12/2 15:07,0.85309551,1BJZA,T12P4,7,C
apple,x,2024/12/2 15:07,1.16498681,1BJZA,T12P4,7,A
apple,x,2024/12/2 15:07,1.007670229,1BJYT,T12P4,7,B
apple,x,2024/12/2 15:07,1.034958765,1BJYV,T12P4,7,C
apple,x,2024/12/2 15:07,0.959389369,1BJZE,T12P4,7,A
apple,x,2024/12/2 15:07,0.956256668,1BJXB,T12P4,7,B
apple,x,2024/12/2 15:08,0.93778339,1BJYU,T12P4,7,C
apple,x,2024/12/2 15:08,0.887720115,1BJXY,T12P4,7,A
apple,x,2024/12/2 15:08,0.918504806,1BJYP,T12P4,7,B
apple,x,2024/12/2 15:08,0.823528228,1BJXY,T12P4,7,C
apple,x,2024/12/2 15:08,1.008637889,1BJZB,T12P4,7,A
apple,x,2024/12/2 15:08,0.99513482,1BJZE,T12P4,7,B
apple,x,2024/12/2 15:08,1.080496552,1BJYU,T12P4,7,C
apple,x,2024/12/2 15:08,1.050265658,1BJZF,T12P4,7,A
apple,x,2024/12/2 15:08,0.90231549,1BJYM,T12P4,7,B
apple,x,2024/12/2 15:08,0.878175207,1BJYM,T12P4,7,C
apple,x,2024/12/2 15:09,0.958371797,1BJYN,T12P4,7,A
apple,x,2024/12/2 15:09,0.932266095,1BJZB,T12P4,7,B
apple,x,2024/12/2 15:09,0.940636611,1BJYN,T12P4,7,C
apple,x,2024/12/2 15:09,1.009663086,1BJXB,T12P4,7,A
apple,x,2024/12/5 17:36,1.176372455,1BJYZ,T12P4,7,B
apple,x,2024/12/5 17:36,1.059936404,1BJYZ,T12P4,7,C
apple,x,2024/12/5 17:36,0.86953077,1BJZT,T12P4,7,A
apple,x,2024/12/5 17:37,0.860772087,1BJZG,T12P4,7,B
apple,x,2024/12/5 17:37,0.966290794,1BJZD,T12P4,7,C
apple,x,2024/12/5 17:37,0.862714762,1BJZG,T12P4,7,A
apple,x,2024/12/5 17:37,0.970981113,1BJZW,T12P4,7,B
apple,x,2024/12/5 17:37,1.163803517,1BJZH,T12P4,7,C
apple,x,2024/12/5 17:37,0.886710697,1BJZI,T12P4,7,A
apple,x,2024/12/5 17:38,0.794636674,1BJZD,T12P4,7,B
apple,x,2024/12/5 17:38,0.961994311,1BJZT,T12P4,7,C
apple,x,2024/12/5 17:38,1.115925804,1BJZL,T12P4,7,A
apple,x,2024/12/5 17:38,0.969354402,1BJZL,T12P4,7,B
apple,x,2024/12/5 17:38,0.96436561,1BJZS,T12P4,7,C
apple,x,2024/12/5 17:39,0.838816921,1BJZP,T12P4,7,A
apple,x,2024/12/5 17:40,1.109726567,1BJZW,T12P4,7,B
apple,x,2024/12/19 17:44,1.095539604,1BJZK,T12P4,7,C
apple,x,2024/12/19 17:44,1.10113561,1BJZK,T12P4,7,A
apple,x,2024/12/19 17:45,1.109851061,1BJZQ,T12P4,7,B
apple,x,2024/12/19 17:45,0.908364548,1BJZX,T12P4,7,C
apple,x,2024/12/19 17:45,1.059194907,1BKAJ,T12P4,7,A
apple,x,2024/12/19 17:45,0.973187123,1BKAM,T12P4,7,B
apple,x,2024/12/19 17:45,1.224631031,1BJZR,T12P4,7,C
apple,x,2024/12/19 17:46,1.064224737,1BKAW,T12P4,7,A
apple,x,2024/12/19 17:46,0.861491431,1BKAJ,T12P4,7,B
apple,x,2024/12/19 17:46,0.919301296,1BJZQ,T12P4,7,C
apple,x,2024/12/19 17:46,1.070372573,1BJZR,T12P4,7,A
apple,x,2024/12/19 17:46,0.960962469,1BKAJ,T12P4,7,B
apple,x,2024/12/19 17:46,0.912446164,1BKBA,T12P4,7,C
apple,x,2024/12/19 17:46,0.950583359,1BKBA,T12P4,7,A
apple,x,2024/12/19 17:46,1.004734737,1BKAN,T12P4,7,B
apple,x,2024/12/19 17:47,0.986011739,1BKAN,T12P4,7,C
apple,x,2024/12/19 17:47,0.990971934,1BKBH,T12P4,7,A
apple,x,2024/12/19 17:47,0.919030766,1BKBG,T12P4,7,B
apple,x,2024/12/19 17:47,1.034729281,1BKBM,T12P4,7,C
apple,x,2024/12/19 17:47,1.006406059,1BKBH,T12P4,7,A
apple,x,2024/12/19 17:47,0.930468741,1BKBC,T12P4,7,B
apple,x,2024/12/19 17:48,0.733012217,1BKBH,T12P4,7,C
apple,x,2024/12/23 16:12,0.947503789,1BKBK,T12P4,7,A
apple,x,2024/12/23 16:13,0.970817535,1BKBO,T12P4,7,B
apple,x,2024/12/23 16:13,0.908604865,1BKBK,T12P4,7,C
apple,x,2024/12/23 16:13,0.819290693,1BKBR,T12P4,7,A
apple,x,2024/12/23 16:13,0.97909136,1BKBP,T12P4,7,B
apple,x,2024/12/23 16:13,0.957749554,1BKBI,T12P4,7,C
apple,x,2024/12/23 16:13,0.940220215,1BKBT,T12P4,7,A
apple,x,2024/12/23 16:14,1.091133091,1BKBK,T12P4,7,B
apple,x,2024/12/23 16:14,0.941574073,1BKBR,T12P4,7,C
apple,x,2024/12/23 16:14,0.928316578,1BKBP,T12P4,7,A
apple,x,2024/12/23 16:14,1.309611696,1BKBS,T12P4,7,B
apple,x,2024/12/30 14:45,0.961153556,1BKBL,T12P4,7,C
apple,x,2024/12/30 14:45,1.105180136,1BKBU,T12P4,7,A
apple,x,2024/12/30 14:45,0.821473768,1BKBU,T12P4,7,B
apple,x,2024/12/30 14:45,0.941296379,1BKBY,T12P4,7,C
apple,x,2024/12/30 14:46,0.706407052,1BKBW,T12P4,7,A
apple,x,2024/12/30 14:46,0.990715227,1BKBV,T12P4,7,B
apple,x,2024/12/30 14:46,1.21094508,1BKBX,T12P4,7,C
apple,x,2024/12/30 14:46,1.057885272,1BKBW,T12P4,7,A
apple,x,2024/12/30 14:46,0.976566868,1BKBL,T12P4,7,B
apple,x,2024/12/30 14:46,1.07362096,1BKCC,T12P4,7,C
apple,x,2024/12/30 14:46,1.123362977,1BKBV,T12P4,7,A
apple,x,2024/12/30 14:46,1.050366552,1BKAV,T12P4,7,B
apple,x,2024/12/30 14:47,0.949507853,1BKBV,T12P4,7,C
apple,x,2024/12/30 14:47,0.993449667,1BKAR,T12P4,7,A
apple,x,2024/12/30 14:47,1.118096662,1BKBX,T12P4,7,B
apple,x,2024/12/30 14:47,0.912511472,1BKBY,T12P4,7,C
apple,x,2024/12/30 14:47,0.995513945,1BKAR,T12P4,7,A
apple,x,2024/12/30 14:47,1.032271179,1BKBW,T12P4,7,B
apple,x,2024/12/30 14:47,0.95547359,1BKCE,T12P4,7,C
apple,x,2024/12/30 14:47,0.992937632,1BKCC,T12P4,7,A
apple,x,2024/12/30 14:47,0.948250888,1BKCF,T12P4,7,B
apple,x,2024/12/30 14:47,0.870059954,1BKBZ,T12P4,7,C
apple,x,2024/12/30 14:48,0.851427514,1BKCM,T12P4,7,A
apple,x,2024/12/30 14:48,1.235618188,1BKCG,T12P4,7,B
apple,x,2024/12/30 14:48,1.131243463,1BKCA,T12P4,7,C
apple,x,2024/12/30 14:48,0.943593802,1BKCE,T12P4,7,A
apple,x,2024/12/30 14:48,1.024727732,1BKCI,T12P4,7,B
apple,x,2024/12/30 14:48,1.079065874,1BKCE,T12P4,7,C
apple,x,2024/12/30 14:48,0.88211365,1BKCI,T12P4,7,A
apple,x,2024/12/30 14:48,0.837797733,1BKCA,T12P4,7,B
apple,x,2024/12/30 14:48,1.171461343,1BKCL,T12P4,7,C
apple,x,2024/12/30 14:48,0.908476194,1BKCL,T12P4,7,A
apple,x,2024/12/30 14:48,0.848165657,1BKCI,T12P4,7,B
apple,x,2024/12/30 14:48,0.920396598,1BKCH,T12P4,7,C
apple,x,2024/12/30 14:49,1.00525707,1BKCP,T12P4,7,A
apple,x,2024/12/30 14:49,0.991167921,1BKDB,T12P4,7,B
apple,x,2024/12/30 14:49,1.041326501,1BKBF,T12P4,7,C
apple,x,2024/12/30 14:49,0.966110163,1BKAR,T12P4,7,A
apple,x,2024/12/30 14:49,0.929028496,1BKCN,T12P4,7,B
apple,x,2024/12/30 14:49,1.196421397,1BKCJ,T12P4,7,C
apple,x,2024/12/30 14:49,1.103088884,1BKBY,T12P4,7,A
apple,x,2024/12/30 14:49,1.139637357,1BKDH,T12P4,7,B
apple,x,2024/12/30 14:49,0.983960977,1BKCS,T12P4,7,C
apple,x,2024/12/30 14:49,1.056574758,1BKCP,T12P4,7,A
apple,x,2024/12/30 14:49,1.079607026,1BKCB,T12P4,7,B
apple,x,2024/12/30 14:49,1.103213241,1BKCB,T12P4,7,C
apple,x,2024/12/30 14:50,0.949648381,1BKCB,T12P4,7,A
apple,x,2024/12/30 14:50,1.026829346,1BKCO,T12P4,7,B
apple,x,2024/12/30 14:50,1.062663645,1BKDL,T12P4,7,C
apple,x,2024/12/30 14:50,1.041861856,1BKDD,T12P4,7,A
apple,x,2024/12/30 14:50,1.098621282,1BKCV,T12P4,7,B
apple,x,2024/12/30 14:50,0.943451107,1BKCS,T12P4,7,C
apple,x,2024/12/30 14:50,0.993918688,1BKDE,T12P4,7,A
apple,x,2024/12/30 14:50,1.053945195,1BKCV,T12P4,7,B
apple,x,2024/12/30 14:50,0.926694101,1BKCD,T12P4,7,C
apple,x,2024/12/30 14:50,1.085761851,1BKCK,T12P4,7,A
apple,x,2024/12/30 14:51,0.898150835,1BKCD,T12P4,7,B
apple,x,2024/12/30 14:51,1.078302173,1BKDM,T12P4,7,C
apple,x,2024/12/30 14:51,1.046824859,1BKDF,T12P4,7,A
apple,x,2024/12/30 14:51,0.994276257,1BKDK,T12P4,7,B
apple,x,2024/12/30 14:51,1.07384055,1BKDD,T12P4,7,C
apple,x,2024/12/30 14:51,1.085359311,1BKDM,T12P4,7,A
apple,x,2024/12/30 14:51,1.150666178,1BKEA,T12P4,7,B
apple,x,2024/12/30 14:51,0.9824721,1BKCP,T12P4,7,C
apple,x,2024/12/30 14:51,1.101840324,1BKDN,T12P4,7,A
apple,x,2024/12/30 14:51,1.081919183,1BKDN,T12P4,7,B
apple,x,2024/12/30 14:51,0.949213328,1BKDR,T12P4,7,C
apple,x,2024/12/30 14:51,1.065959006,1BKDM,T12P4,7,A
apple,x,2024/12/30 14:51,0.99528178,1BKDK,T12P4,7,B
apple,x,2024/12/30 14:51,1.026559822,1BKDG,T12P4,7,C
apple,x,2024/12/30 14:51,1.099621094,1BKDV,T12P4,7,A
apple,x,2024/12/30 14:51,0.919213585,1BKDP,T12P4,7,B
apple,x,2024/12/30 14:51,1.086353791,1BKDR,T12P4,7,C
apple,x,2024/12/30 14:51,1.100632539,1BKDX,T12P4,7,A
apple,x,2024/12/30 14:51,1.08257676,1BKDL,T12P4,7,B
apple,x,2024/12/30 14:52,1.062223315,1BKEJ,T12P4,7,C
apple,x,2024/12/30 14:52,1.139426971,1BKED,T12P4,7,A
apple,x,2024/12/30 14:52,1.05796198,1BKEE,T12P4,7,B
apple,x,2024/12/30 14:53,1.017709782,1BKEF,T12P4,7,C
apple,x,2024/12/30 14:53,0.939502023,1BKDK,T12P4,7,A
apple,x,2024/12/30 14:54,1.150874974,1BKEA,T12P4,7,B
apple,x,2024/12/30 14:54,1.00742749,1BKEJ,T12P4,7,C
apple,x,2025/2/3 14:52,0.98048504,1BKCQ,T12P4,7,A
apple,x,2025/2/3 14:53,0.959020746,1BKDO,T12P4,7,B
apple,x,2025/2/3 14:53,1.033347897,1BKDO,T12P4,7,C
apple,x,2025/2/3 14:53,0.955634954,1BKCQ,T12P4,7,A
apple,x,2025/2/3 14:54,1.057073327,1BKDT,T12P4,7,B
apple,x,2025/2/3 14:54,0.968786956,1BKDO,T12P4,7,C
apple,x,2025/2/3 14:54,0.981973041,1BKCR,T12P4,7,A
apple,x,2025/2/3 14:54,0.78662105,1BKCR,T12P4,7,B
apple,x,2025/2/3 14:55,1.028757042,1BKDQ,T12P4,7,C
apple,x,2025/2/3 14:55,1.17613572,1BKDZ,T12P4,7,A
apple,x,2025/2/3 14:55,1.089276153,1BKDQ,T12P4,7,B
apple,x,2025/2/3 14:55,0.92734012,1BKEP,T12P4,7,C
apple,x,2025/2/3 14:55,0.90710684,1BKDU,T12P4,7,A
apple,x,2025/2/3 14:55,1.241425298,1BKEH,T12P4,7,B
apple,x,2025/2/3 14:56,0.868557274,1BKEI,T12P4,7,C
apple,x,2025/2/3 14:56,0.96325278,1BKEH,T12P4,7,A
apple,x,2025/2/3 14:56,1.015553004,1BKDT,T12P4,7,B
apple,x,2025/2/3 14:56,1.100222207,1BKEM,T12P4,7,C
apple,x,2025/2/3 14:56,0.774055027,1BKCU,T12P4,7,A
apple,x,2025/2/3 14:56,1.021017913,1BKDW,T12P4,7,B
apple,x,2025/2/3 14:57,0.851424792,1BKDZ,T12P4,7,C
apple,x,2025/3/13 09:47,1.018922888,1BKEO,T12P4,7,A
apple,x,2025/3/13 09:48,0.914658398,1BKEL,T12P4,7,B
apple,x,2025/3/13 09:49,0.972104958,1BKEQ,T12P4,7,C
apple,x,2025/3/13 09:50,1.013530413,1BKEV,T12P4,7,A
apple,x,2025/3/13 09:49,1.032102686,1BKDS,T12P4,7,B
apple,x,2025/3/13 09:50,1.152988744,1BKES,T12P4,7,C
apple,x,2025/3/13 09:50,1.028005533,1BKEO,T12P4,7,A
apple,x,2025/3/13 09:51,0.895466408,1BKEZ,T12P4,7,B
apple,x,2025/3/13 09:51,0.964409395,1BKFB,T12P4,7,C
apple,x,2025/3/13 09:51,0.987489101,1BKER,T12P4,7,A
apple,x,2025/3/13 09:52,1.132408151,1BKES,T12P4,7,B
apple,x,2025/3/13 09:52,0.869862124,1BKER,T12P4,7,C
apple,x,2025/3/13 09:52,0.779537311,1BKFF,T12P4,7,A
apple,x,2025/3/13 09:52,0.943531771,1BKDS,T12P4,7,B
apple,x,2025/3/13 09:53,0.767760539,1BKEU,T12P4,7,C
apple,x,2025/3/13 09:53,1.081404027,1BKEU,T12P4,7,A
apple,x,2025/3/13 09:53,1.020116141,1BKFE,T12P4,7,B
apple,x,2025/3/13 09:53,0.888117125,1BKEU,T12P4,7,C
apple,x,2025/3/13 09:54,1.00929731,1BKEV,T12P4,7,A
apple,x,2025/3/13 09:54,0.983384762,1BKFA,T12P4,7,B
apple,x,2025/3/13 09:54,1.032630576,1BKFE,T12P4,7,C
apple,x,2025/3/13 09:56,1.080171896,1BKFF,T12P4,7,A
apple,x,2025/3/13 09:57,1.089988722,1BKFG,T12P4,7,B
apple,x,2025/4/1 16:13,0.950960384,1BKET,T12P4,7,C
apple,x,2025/4/1 16:14,0.998908025,1BKET,T12P4,7,A
apple,x,2025/4/1 16:16,1.095784687,1BKEW,T12P4,7,B
apple,x,2025/4/1 16:22,1.012319531,1BKFJ,T12P4,7,C
apple,x,2025/4/1 16:23,0.888108247,1BKFH,T12P4,7,A
apple,x,2025/4/1 16:24,0.999443004,1BKFI,T12P4,7,B
apple,x,2025/4/14 12:31,1.080786349,1BKFR,T12P4,7,C
apple,x,2025/4/14 12:34,0.940475903,1BKFS,T12P4,7,A
apple,x,2025/4/14 12:34,1.020468329,1BKFW,T12P4,7,B
apple,x,2025/4/14 12:38,1.089923309,1BKFY,T12P4,7,C
apple,x,2025/4/14 12:45,0.774553965,1BKFS,T12P4,7,A
apple,x,2025/4/15 12:46,1.211932277,1BKFK,T12P4,7,B
apple,x,2025/4/16 12:47,1.221932277,1BKFK,T12P4,7,C
apple,x,2025/4/17 12:48,1.231932277,1BKFK,T12P4,7,A
apple,x,2025/4/18 12:49,1.241932277,1BKFK,T12P4,7,B
apple,x,2025/4/19 12:50,1.251932277,1BKFK,T12P4,7,C
apple,x,2025/4/20 12:51,1.261932277,1BKFK,T12P4,7,A
apple,x,2025/4/21 12:52,1.271932277,1BKFK,T12P4,7,B
apple,x,2025/4/22 12:53,1.281932277,1BKFK,T12P4,7,C
apple,x,2025/4/23 12:54,1.291932277,1BKFK,T12P4,7,A
apple,x,2025/4/24 12:55,1.301932277,1BKFK,T12P4,7,B
apple,x,2025/4/25 12:56,1.311932277,1BKFK,T12P4,7,C
apple,x,2025/4/26 12:57,1.321932277,1BKFK,T12P4,7,A
apple,x,2025/4/27 12:58,1.331932277,1BKFK,T12P4,7,B
apple,x,2025/4/28 12:59,1.341932277,1BKFK,T12P4,7,C
