point_time,point_val,Batch_ID
2024-01-15 21:48:13.189720,11.24,BATCH-20240115-450
2024-01-17 21:48:13.189720,11.92,BATCH-20240117-436
2024-01-17 21:48:13.189720,8.28,BATCH-20240117-774
2024-01-20 21:48:13.189720,9.34,BATCH-20240120-667
2024-01-21 21:48:13.189720,8.10,BATCH-20240121-698
2024-01-22 21:48:13.189720,8.32,BATCH-20240122-897
2024-01-22 21:48:13.189720,8.46,BATCH-20240122-649
2024-01-22 21:48:13.189720,7.75,BATCH-20240122-801
2024-01-23 21:48:13.189720,9.29,BATCH-20240123-150
2024-01-24 21:48:13.189720,9.11,BATCH-20240124-308
2024-01-27 21:48:13.189720,11.78,BATCH-20240127-514
2024-01-27 21:48:13.189720,7.74,BATCH-20240127-880
2024-01-28 21:48:13.189720,7.01,BATCH-20240128-541
2024-01-30 21:48:13.189720,7.44,BATCH-20240130-029
2024-01-31 21:48:13.189720,9.10,BATCH-20240131-080
2024-02-03 21:48:13.189720,7.77,BATCH-20240203-054
2024-02-03 21:48:13.189720,8.43,BATCH-20240203-841
2024-02-05 21:48:13.189720,7.33,BATCH-20240205-581
2024-02-08 21:48:13.189720,9.15,BATCH-20240208-037
2024-02-09 21:48:13.189720,9.00,BATCH-20240209-479
2024-02-09 21:48:13.189720,10.57,BATCH-20240209-431
2024-02-10 21:48:13.189720,9.90,BATCH-20240210-840
2024-02-11 21:48:13.189720,9.57,BATCH-20240211-897
2024-02-11 21:48:13.189720,9.64,BATCH-20240211-571
2024-02-15 21:48:13.189720,9.51,BATCH-20240215-327
2024-02-15 21:48:13.189720,6.95,BATCH-20240215-564
2024-02-16 21:48:13.189720,10.27,BATCH-20240216-403
2024-02-18 21:48:13.189720,9.04,BATCH-20240218-072
2024-02-20 21:48:13.189720,8.40,BATCH-20240220-075
2024-02-20 21:48:13.189720,7.32,BATCH-20240220-852
2024-02-21 21:48:13.189720,8.70,BATCH-20240221-929
2024-02-22 21:48:13.189720,9.68,BATCH-20240222-110
2024-02-23 21:48:13.189720,6.80,BATCH-20240223-005
2024-02-24 21:48:13.189720,7.42,BATCH-20240224-392
2024-02-25 21:48:13.189720,7.78,BATCH-20240225-084
2024-02-25 21:48:13.189720,9.96,BATCH-20240225-763
2024-02-25 21:48:13.189720,8.78,BATCH-20240225-441
2024-02-29 21:48:13.189720,8.70,BATCH-20240229-962
2024-03-01 21:48:13.189720,6.83,BATCH-20240301-969
2024-03-01 21:48:13.189720,8.30,BATCH-20240301-830
2024-03-04 21:48:13.189720,8.00,BATCH-20240304-977
2024-03-04 21:48:13.189720,9.15,BATCH-20240304-364
2024-03-06 21:48:13.189720,6.61,BATCH-20240306-888
2024-03-06 21:48:13.189720,7.78,BATCH-20240306-309
2024-03-11 21:48:13.189720,7.36,BATCH-20240311-345
2024-03-12 21:48:13.189720,8.23,BATCH-20240312-315
2024-03-13 21:48:13.189720,10.39,BATCH-20240313-235
2024-03-14 21:48:13.189720,7.03,BATCH-20240314-145
2024-03-16 21:48:13.189720,7.36,BATCH-20240316-775
2024-03-17 21:48:13.189720,7.97,BATCH-20240317-178
2024-03-18 21:48:13.189720,9.30,BATCH-20240318-990
2024-03-23 21:48:13.189720,6.72,BATCH-20240323-071
2024-03-25 21:48:13.189720,8.36,BATCH-20240325-612
2024-03-26 21:48:13.189720,8.17,BATCH-20240326-743
2024-03-27 21:48:13.189720,8.42,BATCH-20240327-379
2024-03-27 21:48:13.189720,8.35,BATCH-20240327-075
2024-03-29 21:48:13.189720,9.71,BATCH-20240329-667
2024-03-30 21:48:13.189720,8.13,BATCH-20240330-478
2024-03-31 21:48:13.189720,8.48,BATCH-20240331-663
2024-03-31 21:48:13.189720,9.02,BATCH-20240331-221
2024-03-31 21:48:13.189720,6.89,BATCH-20240331-512
2024-03-31 21:48:13.189720,12.46,BATCH-20240331-324
2024-04-01 21:48:13.189720,8.27,BATCH-20240401-672
2024-04-02 21:48:13.189720,6.96,BATCH-20240402-230
2024-04-02 21:48:13.189720,8.42,BATCH-20240402-049
2024-04-04 21:48:13.189720,8.17,BATCH-20240404-890
2024-04-06 21:48:13.189720,8.06,BATCH-20240406-488
2024-04-07 21:48:13.189720,7.40,BATCH-20240407-171
2024-04-09 21:48:13.189720,8.03,BATCH-20240409-728
2024-04-10 21:48:13.189720,9.32,BATCH-20240410-923
2024-04-11 21:48:13.189720,7.30,BATCH-20240411-862
2024-04-11 21:48:13.189720,7.43,BATCH-20240411-590
2024-04-12 21:48:13.189720,8.91,BATCH-20240412-686
2024-04-12 21:48:13.189720,8.67,BATCH-20240412-132
2024-04-12 21:48:13.189720,7.74,BATCH-20240412-382
2024-04-13 21:48:13.189720,7.94,BATCH-20240413-656
2024-04-17 21:48:13.189720,9.42,BATCH-20240417-052
2024-04-17 21:48:13.189720,11.71,BATCH-20240417-335
2024-04-18 21:48:13.189720,15.39,BATCH-20240418-884
2024-04-19 21:48:13.189720,8.41,BATCH-20240419-327
2024-04-20 21:48:13.189720,7.06,BATCH-20240420-015
2024-04-21 21:48:13.189720,9.60,BATCH-20240421-796
2024-04-21 21:48:13.189720,9.63,BATCH-20240421-227
2024-04-23 21:48:13.189720,11.58,BATCH-20240423-233
2024-04-24 21:48:13.189720,8.71,BATCH-20240424-713
2024-04-24 21:48:13.189720,8.11,BATCH-20240424-680
2024-04-24 21:48:13.189720,9.15,BATCH-20240424-819
2024-04-24 21:48:13.189720,6.94,BATCH-20240424-246
2024-04-25 21:48:13.189720,7.97,BATCH-20240425-678
2024-04-27 21:48:13.189720,9.12,BATCH-20240427-500
2024-04-29 21:48:13.189720,8.92,BATCH-20240429-975
2024-04-30 21:48:13.189720,8.90,BATCH-20240430-290
2024-05-02 21:48:13.189720,10.50,BATCH-20240502-204
2024-05-04 21:48:13.189720,10.75,BATCH-20240504-016
2024-05-12 21:48:13.189720,13.38,BATCH-20240512-671
2024-05-15 21:48:13.189720,7.57,BATCH-20240515-066
2024-05-17 21:48:13.189720,7.73,BATCH-20240517-451
2024-05-18 21:48:13.189720,7.97,BATCH-20240518-002
2024-05-20 21:48:13.189720,8.35,BATCH-20240520-449
2024-05-20 21:48:13.189720,6.81,BATCH-20240520-679
2024-05-21 21:48:13.189720,7.05,BATCH-20240521-525
2024-05-22 21:48:13.189720,7.34,BATCH-20240522-002
2024-05-23 21:48:13.189720,9.59,BATCH-20240523-280
2024-05-24 21:48:13.189720,9.74,BATCH-20240524-265
2024-05-26 21:48:13.189720,7.37,BATCH-20240526-602
2024-05-27 21:48:13.189720,10.78,BATCH-20240527-320
2024-05-27 21:48:13.189720,10.06,BATCH-20240527-729
2024-05-28 21:48:13.189720,8.69,BATCH-20240528-666
2024-05-28 21:48:13.189720,8.84,BATCH-20240528-746
2024-05-29 21:48:13.189720,8.86,BATCH-20240529-602
2024-05-30 21:48:13.189720,9.02,BATCH-20240530-485
2024-05-31 21:48:13.189720,12.44,BATCH-20240531-342
2024-06-01 21:48:13.189720,12.01,BATCH-20240601-859
2024-06-04 21:48:13.189720,7.78,BATCH-20240604-232
2024-06-05 21:48:13.189720,7.98,BATCH-20240605-506
2024-06-12 21:48:13.189720,7.44,BATCH-20240612-506
2024-06-13 21:48:13.189720,9.83,BATCH-20240613-494
2024-06-14 21:48:13.189720,11.23,BATCH-20240614-110
2024-06-16 21:48:13.189720,7.31,BATCH-20240616-340
2024-06-17 21:48:13.189720,14.25,BATCH-20240617-077
2024-06-20 21:48:13.189720,7.73,BATCH-20240620-070
2024-06-20 21:48:13.189720,8.91,BATCH-20240620-101
2024-06-22 21:48:13.189720,10.12,BATCH-20240622-161
2024-06-25 21:48:13.189720,9.84,BATCH-20240625-610
2024-06-27 21:48:13.189720,7.77,BATCH-20240627-713
2024-06-29 21:48:13.189720,9.05,BATCH-20240629-507
2024-06-29 21:48:13.189720,7.15,BATCH-20240629-194
2024-07-01 21:48:13.189720,7.06,BATCH-20240701-628
2024-07-01 21:48:13.189720,8.02,BATCH-20240701-489
2024-07-02 21:48:13.189720,8.48,BATCH-20240702-570
2024-07-03 21:48:13.189720,11.48,BATCH-20240703-904
2024-07-03 21:48:13.189720,13.08,BATCH-20240703-494
2024-07-08 21:48:13.189720,7.34,BATCH-20240708-064
2024-07-10 21:48:13.189720,9.03,BATCH-20240710-295
2024-07-10 21:48:13.189720,8.18,BATCH-20240710-278
2024-07-10 21:48:13.189720,8.28,BATCH-20240710-620
2024-07-11 21:48:13.189720,6.73,BATCH-20240711-545
2024-07-11 21:48:13.189720,9.42,BATCH-20240711-788
2024-07-12 21:48:13.189720,6.63,BATCH-20240712-102
2024-07-12 21:48:13.189720,10.71,BATCH-20240712-711
2024-07-16 21:48:13.189720,10.27,BATCH-20240716-279
2024-07-17 21:48:13.189720,7.44,BATCH-20240717-233
2024-07-18 21:48:13.189720,7.76,BATCH-20240718-935
2024-07-18 21:48:13.189720,7.79,BATCH-20240718-395
2024-07-18 21:48:13.189720,8.93,BATCH-20240718-969
2024-07-19 21:48:13.189720,9.26,BATCH-20240719-361
2024-07-21 21:48:13.189720,8.96,BATCH-20240721-643
2024-07-22 21:48:13.189720,7.70,BATCH-20240722-090
2024-07-26 21:48:13.189720,7.54,BATCH-20240726-806
2024-07-27 21:48:13.189720,8.81,BATCH-20240727-315
2024-07-29 21:48:13.189720,9.53,BATCH-20240729-974
2024-07-31 21:48:13.189720,7.51,BATCH-20240731-572
2024-08-01 21:48:13.189720,7.80,BATCH-20240801-553
2024-08-06 21:48:13.189720,7.75,BATCH-20240806-197
2024-08-06 21:48:13.189720,8.40,BATCH-20240806-502
2024-08-07 21:48:13.189720,8.49,BATCH-20240807-975
2024-08-08 21:48:13.189720,7.52,BATCH-20240808-610
2024-08-10 21:48:13.189720,7.44,BATCH-20240810-918
2024-08-12 21:48:13.189720,11.94,BATCH-20240812-297
2024-08-14 21:48:13.189720,7.36,BATCH-20240814-686
2024-08-14 21:48:13.189720,8.16,BATCH-20240814-317
2024-08-15 21:48:13.189720,8.53,BATCH-20240815-195
2024-08-21 21:48:13.189720,7.21,BATCH-20240821-397
2024-08-22 21:48:13.189720,11.77,BATCH-20240822-615
2024-08-22 21:48:13.189720,7.58,BATCH-20240822-607
2024-08-23 21:48:13.189720,7.09,BATCH-20240823-089
2024-08-24 21:48:13.189720,8.40,BATCH-20240824-550
2024-08-27 21:48:13.189720,6.95,BATCH-20240827-261
2024-08-28 21:48:13.189720,10.56,BATCH-20240828-772
2024-09-01 21:48:13.189720,10.05,BATCH-20240901-703
2024-09-02 21:48:13.189720,7.76,BATCH-20240902-373
2024-09-03 21:48:13.189720,10.58,BATCH-20240903-043
2024-09-04 21:48:13.189720,7.33,BATCH-20240904-840
2024-09-08 21:48:13.189720,8.09,BATCH-20240908-466
2024-09-11 21:48:13.189720,8.46,BATCH-20240911-872
2024-09-12 21:48:13.189720,8.82,BATCH-20240912-221
2024-09-13 21:48:13.189720,9.04,BATCH-20240913-290
2024-09-19 21:48:13.189720,8.56,BATCH-20240919-940
2024-09-22 21:48:13.189720,7.63,BATCH-20240922-905
2024-09-29 21:48:13.189720,8.23,BATCH-20240929-960
2024-10-08 21:48:13.189720,7.51,BATCH-20241008-515
2024-10-09 21:48:13.189720,7.23,BATCH-20241009-691
2024-10-09 21:48:13.189720,10.09,BATCH-20241009-635
2024-10-10 21:48:13.189720,8.81,BATCH-20241010-138
2024-10-10 21:48:13.189720,9.94,BATCH-20241010-606
2024-10-11 21:48:13.189720,10.84,BATCH-20241011-849
2024-10-13 21:48:13.189720,8.80,BATCH-20241013-624
2024-10-13 21:48:13.189720,7.15,BATCH-20241013-730
2024-10-16 21:48:13.189720,11.75,BATCH-20241016-066
2024-10-17 21:48:13.189720,6.80,BATCH-20241017-189
2024-10-18 21:48:13.189720,8.25,BATCH-20241018-163
2024-10-19 21:48:13.189720,6.96,BATCH-20241019-947
2024-10-19 21:48:13.189720,8.04,BATCH-20241019-203
2024-10-19 21:48:13.189720,8.01,BATCH-20241019-122
2024-10-21 21:48:13.189720,8.61,BATCH-20241021-015
2024-10-22 21:48:13.189720,10.03,BATCH-20241022-449
2024-10-24 21:48:13.189720,7.82,BATCH-20241024-897
2024-10-24 21:48:13.189720,7.60,BATCH-20241024-303
2024-10-26 21:48:13.189720,7.70,BATCH-20241026-904
2024-10-27 21:48:13.189720,8.40,BATCH-20241027-149
2024-10-30 21:48:13.189720,7.18,BATCH-20241030-724
2024-11-01 21:48:13.189720,7.49,BATCH-20241101-648
2024-11-02 21:48:13.189720,7.38,BATCH-20241102-636
2024-11-02 21:48:13.189720,9.15,BATCH-20241102-576
2024-11-06 21:48:13.189720,8.63,BATCH-20241106-815
2024-11-11 21:48:13.189720,8.62,BATCH-20241111-756
2024-11-12 21:48:13.189720,7.77,BATCH-20241112-784
2024-11-12 21:48:13.189720,11.42,BATCH-20241112-095
2024-11-12 21:48:13.189720,7.40,BATCH-20241112-303
2024-11-12 21:48:13.189720,8.04,BATCH-20241112-318
2024-11-14 21:48:13.189720,7.36,BATCH-20241114-368
2024-11-16 21:48:13.189720,7.03,BATCH-20241116-683
2024-11-19 21:48:13.189720,8.30,BATCH-20241119-782
2024-11-20 21:48:13.189720,8.50,BATCH-20241120-181
2024-11-21 21:48:13.189720,7.21,BATCH-20241121-486
2024-11-21 21:48:13.189720,13.10,BATCH-20241121-597
2024-11-22 21:48:13.189720,7.86,BATCH-20241122-680
2024-11-22 21:48:13.189720,8.47,BATCH-20241122-054
2024-11-22 21:48:13.189720,9.66,BATCH-20241122-267
2024-11-23 21:48:13.189720,8.99,BATCH-20241123-798
2024-11-23 21:48:13.189720,12.41,BATCH-20241123-715
2024-11-25 21:48:13.189720,9.73,BATCH-20241125-628
2024-11-25 21:48:13.189720,8.48,BATCH-20241125-469
2024-11-27 21:48:13.189720,10.12,BATCH-20241127-800
2024-11-27 21:48:13.189720,10.50,BATCH-20241127-627
2024-11-29 21:48:13.189720,8.62,BATCH-20241129-977
2024-11-29 21:48:13.189720,9.49,BATCH-20241129-012
2024-12-01 21:48:13.189720,7.96,BATCH-20241201-572
2024-12-01 21:48:13.189720,7.18,BATCH-20241201-853
2024-12-01 21:48:13.189720,6.66,BATCH-20241201-450
2024-12-06 21:48:13.189720,9.28,BATCH-20241206-610
2024-12-06 21:48:13.189720,10.05,BATCH-20241206-203
2024-12-07 21:48:13.189720,7.56,BATCH-20241207-003
2024-12-08 21:48:13.189720,7.43,BATCH-20241208-192
2024-12-08 21:48:13.189720,8.91,BATCH-20241208-809
2024-12-10 21:48:13.189720,8.48,BATCH-20241210-943
2024-12-13 21:48:13.189720,7.70,BATCH-20241213-361
2024-12-14 21:48:13.189720,9.50,BATCH-20241214-724
2024-12-18 21:48:13.189720,6.84,BATCH-20241218-712
2024-12-20 21:48:13.189720,6.84,BATCH-20241220-567
2024-12-20 21:48:13.189720,8.70,BATCH-20241220-711
2024-12-21 21:48:13.189720,7.64,BATCH-20241221-282
2024-12-22 21:48:13.189720,6.80,BATCH-20241222-630
2024-12-25 21:48:13.189720,9.74,BATCH-20241225-834
2024-12-25 21:48:13.189720,9.49,BATCH-20241225-788
2024-12-26 21:48:13.189720,7.05,BATCH-20241226-821
2024-12-27 21:48:13.189720,8.93,BATCH-20241227-540
2024-12-29 21:48:13.189720,11.09,BATCH-20241229-695
2024-12-29 21:48:13.189720,6.93,BATCH-20241229-748
2024-12-30 21:48:13.189720,7.77,BATCH-20241230-339
2024-12-30 21:48:13.189720,9.18,BATCH-20241230-552
2025-01-01 21:48:13.189720,8.17,BATCH-20250101-906
2025-01-03 21:48:13.189720,6.54,BATCH-20250103-675
2025-01-05 21:48:13.189720,6.66,BATCH-20250105-193
2025-01-06 21:48:13.189720,7.95,BATCH-20250106-602
2025-01-08 21:48:13.189720,7.33,BATCH-20250108-724
2025-01-08 21:48:13.189720,11.19,BATCH-20250108-567
2025-01-10 21:48:13.189720,7.00,BATCH-20250110-936
2025-01-12 21:48:13.189720,7.30,BATCH-20250112-573
2025-01-13 21:48:13.189720,8.73,BATCH-20250113-858
2025-01-14 21:48:13.189720,9.91,BATCH-20250114-185
2025-01-14 21:48:13.189720,8.28,BATCH-20250114-368
2025-01-16 21:48:13.189720,11.78,BATCH-20250116-521
2025-01-19 21:48:13.189720,8.11,BATCH-20250119-540
2025-01-20 21:48:13.189720,6.88,BATCH-20250120-770
2025-01-20 21:48:13.189720,7.62,BATCH-20250120-999
2025-01-24 21:48:13.189720,10.35,BATCH-20250124-693
2025-01-28 21:48:13.189720,11.90,BATCH-20250128-765
2025-01-28 21:48:13.189720,6.89,BATCH-20250128-076
2025-01-29 21:48:13.189720,9.30,BATCH-20250129-330
2025-01-30 21:48:13.189720,6.75,BATCH-20250130-405
2025-01-31 21:48:13.189720,6.95,BATCH-20250131-692
2025-02-01 21:48:13.189720,7.90,BATCH-20250201-756
2025-02-02 21:48:13.189720,7.69,BATCH-20250202-877
2025-02-04 21:48:13.189720,7.39,BATCH-20250204-723
2025-02-05 21:48:13.189720,7.53,BATCH-20250205-797
2025-02-05 21:48:13.189720,9.41,BATCH-20250205-980
2025-02-07 21:48:13.189720,9.27,BATCH-20250207-387
2025-02-08 21:48:13.189720,6.73,BATCH-20250208-113
2025-02-10 21:48:13.189720,6.69,BATCH-20250210-852
2025-02-11 21:48:13.189720,7.99,BATCH-20250211-673
2025-02-11 21:48:13.189720,7.40,BATCH-20250211-690
2025-02-11 21:48:13.189720,9.07,BATCH-20250211-342
2025-02-14 21:48:13.189720,8.70,BATCH-20250214-152
2025-02-19 21:48:13.189720,8.10,BATCH-20250219-855
2025-02-24 21:48:13.189720,7.55,BATCH-20250224-111
2025-02-25 21:48:13.189720,8.39,BATCH-20250225-764
2025-02-26 21:48:13.189720,10.00,BATCH-20250226-463
2025-02-28 21:48:13.189720,9.83,BATCH-20250228-955
2025-02-28 21:48:13.189720,12.45,BATCH-20250228-407
2025-03-04 21:48:13.189720,11.66,BATCH-20250304-282
2025-03-07 21:48:13.189720,8.79,BATCH-20250307-358
2025-03-07 21:48:13.189720,7.83,BATCH-20250307-621
2025-03-08 21:48:13.189720,9.30,BATCH-20250308-819
2025-03-11 21:48:13.189720,10.14,BATCH-20250311-349
2025-03-11 21:48:13.189720,8.16,BATCH-20250311-961
2025-03-15 21:48:13.189720,6.85,BATCH-20250315-252
2025-03-15 21:48:13.189720,7.22,BATCH-20250315-506
2025-03-16 21:48:13.189720,9.40,BATCH-20250316-894
2025-03-17 21:48:13.189720,7.00,BATCH-20250317-462
2025-03-17 21:48:13.189720,7.87,BATCH-20250317-193
2025-03-18 21:48:13.189720,8.41,BATCH-20250318-255
2025-03-18 21:48:13.189720,6.74,BATCH-20250318-702
2025-03-19 21:48:13.189720,10.67,BATCH-20250319-049
2025-03-20 21:48:13.189720,13.31,BATCH-20250320-580
2025-03-21 21:48:13.189720,7.17,BATCH-20250321-486
2025-03-23 21:48:13.189720,6.63,BATCH-20250323-834
2025-03-23 21:48:13.189720,9.26,BATCH-20250323-126
2025-03-23 21:48:13.189720,7.14,BATCH-20250323-832
2025-03-25 21:48:13.189720,8.82,BATCH-20250325-703
2025-03-25 21:48:13.189720,8.57,BATCH-20250325-241
2025-03-27 21:48:13.189720,7.31,BATCH-20250327-470
2025-03-28 21:48:13.189720,7.75,BATCH-20250328-977
2025-03-29 21:48:13.189720,8.24,BATCH-20250329-595
2025-03-30 21:48:13.189720,9.79,BATCH-20250330-842
2025-04-01 21:48:13.189720,11.47,BATCH-20250401-383
2025-04-03 21:48:13.189720,8.22,BATCH-20250403-954
2025-04-05 21:48:13.189720,12.14,BATCH-20250405-701
2025-04-07 21:48:13.189720,8.52,BATCH-20250407-790
2025-04-11 21:48:13.189720,7.80,BATCH-20250411-104
2025-04-12 21:48:13.189720,11.45,BATCH-20250412-556
2025-04-14 21:48:13.189720,10.02,BATCH-20250414-390
2025-04-15 21:48:13.189720,8.84,BATCH-20250415-450
2025-04-15 21:48:13.189720,7.93,BATCH-20250415-223
2025-04-16 21:48:13.189720,9.04,BATCH-20250416-328
2025-04-18 21:48:13.189720,7.16,BATCH-20250418-076
2025-04-21 21:48:13.189720,11.15,BATCH-20250421-196
2025-04-21 21:48:13.189720,7.89,BATCH-20250421-600
2025-04-23 21:48:13.189720,9.82,BATCH-20250423-120
2025-04-26 21:48:13.189720,9.37,BATCH-20250426-716
2025-04-28 21:48:13.189720,9.04,BATCH-20250428-784
2025-05-07 21:48:13.189720,6.92,BATCH-20250507-814
2025-05-09 21:48:13.189720,12.23,BATCH-20250509-928
2025-05-15 21:48:13.189720,11.35,BATCH-20250515-965
2025-05-17 21:48:13.189720,7.72,BATCH-20250517-348
2025-05-19 21:48:13.189720,10.49,BATCH-20250519-109
2025-05-19 21:48:13.189720,6.93,BATCH-20250519-705
2025-05-19 21:48:13.189720,9.48,BATCH-20250519-010
2025-05-20 21:48:13.189720,8.79,BATCH-20250520-010
2025-05-21 21:48:13.189720,12.20,BATCH-20250521-278
2025-05-21 21:48:13.189720,7.62,BATCH-20250521-382
2025-05-22 21:48:13.189720,7.52,BATCH-20250522-298
2025-05-22 21:48:13.189720,7.26,BATCH-20250522-986
2025-05-22 21:48:13.189720,7.93,BATCH-20250522-500
2025-05-23 21:48:13.189720,7.25,BATCH-20250523-914
2025-05-23 21:48:13.189720,14.61,BATCH-20250523-432
2025-05-23 21:48:13.189720,7.41,BATCH-20250523-346
2025-05-23 21:48:13.189720,6.73,BATCH-20250523-740
2025-05-24 21:48:13.189720,8.79,BATCH-20250524-465
2025-05-25 21:48:13.189720,8.93,BATCH-20250525-332
2025-05-25 21:48:13.189720,10.95,BATCH-20250525-959
2025-05-29 21:48:13.189720,10.23,BATCH-20250529-090
2025-05-29 21:48:13.189720,7.60,BATCH-20250529-987
2025-05-30 21:48:13.189720,10.00,BATCH-20250530-621
2025-05-31 21:48:13.189720,7.36,BATCH-20250531-119
2025-06-06 21:48:13.189720,8.95,BATCH-20250606-350
2025-06-06 21:48:13.189720,6.67,BATCH-20250606-168
2025-06-07 21:48:13.189720,7.57,BATCH-20250607-363
2025-06-09 21:48:13.189720,7.45,BATCH-20250609-474
2025-06-12 21:48:13.189720,8.46,BATCH-20250612-732
2025-06-12 21:48:13.189720,7.48,BATCH-20250612-694
2025-06-12 21:48:13.189720,11.50,BATCH-20250612-548
2025-06-13 21:48:13.189720,10.62,BATCH-20250613-054
2025-06-13 21:48:13.189720,8.49,BATCH-20250613-805
2025-06-14 21:48:13.189720,7.47,BATCH-20250614-396
2025-06-18 21:48:13.189720,7.16,BATCH-20250618-888
2025-06-19 21:48:13.189720,7.30,BATCH-20250619-090
2025-06-25 21:48:13.189720,7.35,BATCH-20250625-375
2025-06-25 21:48:13.189720,9.69,BATCH-20250625-706
2025-06-28 21:48:13.189720,9.48,BATCH-20250628-090
2025-06-28 21:48:13.189720,8.51,BATCH-20250628-359
2025-06-29 21:48:13.189720,6.98,BATCH-20250629-511
2025-06-30 21:48:13.189720,7.74,BATCH-20250630-161
2025-06-30 21:48:13.189720,6.87,BATCH-20250630-016
2025-07-01 21:48:13.189720,9.83,BATCH-20250701-182
2025-07-02 21:48:13.189720,8.48,BATCH-20250702-786
2025-07-04 21:48:13.189720,11.13,BATCH-20250704-471
2025-07-05 21:48:13.189720,9.65,BATCH-20250705-548
2025-07-06 21:48:13.189720,7.00,BATCH-20250706-237
2025-07-06 21:48:13.189720,7.64,BATCH-20250706-632
2025-07-06 21:48:13.189720,10.35,BATCH-20250706-158
2025-07-08 21:48:13.189720,7.07,BATCH-20250708-148
2025-07-09 21:48:13.189720,6.84,BATCH-20250709-685
2025-07-11 21:48:13.189720,7.07,BATCH-20250711-774
2025-07-12 21:48:13.189720,8.37,BATCH-20250712-686
2025-07-12 21:48:13.189720,10.46,BATCH-20250712-444
2025-07-14 21:48:13.189720,7.67,BATCH-20250714-454
2025-07-15 21:48:13.189720,8.85,BATCH-20250715-722
2025-07-15 21:48:13.189720,10.57,BATCH-20250715-123
2025-07-16 21:48:13.189720,6.77,BATCH-20250716-552
2025-07-17 21:48:13.189720,7.34,BATCH-20250717-955
2025-07-18 21:48:13.189720,8.95,BATCH-20250718-693
2025-07-19 21:48:13.189720,7.42,BATCH-20250719-381
2025-07-21 21:48:13.189720,6.83,BATCH-20250721-586
2025-07-22 21:48:13.189720,7.82,BATCH-20250722-062
2025-07-22 21:48:13.189720,10.18,BATCH-20250722-415
2025-07-23 21:48:13.189720,7.85,BATCH-20250723-763
2025-07-23 21:48:13.189720,8.78,BATCH-20250723-712
2025-07-28 21:48:13.189720,9.29,BATCH-20250728-086
2025-07-29 21:48:13.189720,8.59,BATCH-20250729-118
2025-07-30 21:48:13.189720,7.06,BATCH-20250730-791
2025-07-30 21:48:13.189720,8.94,BATCH-20250730-907
2025-07-30 21:48:13.189720,10.05,BATCH-20250730-705
2025-08-02 21:48:13.189720,9.45,BATCH-20250802-930
2025-08-04 21:48:13.189720,8.18,BATCH-20250804-997
2025-08-04 21:48:13.189720,9.53,BATCH-20250804-237
2025-08-06 21:48:13.189720,7.61,BATCH-20250806-181
2025-08-06 21:48:13.189720,7.60,BATCH-20250806-715
2025-08-09 21:48:13.189720,7.11,BATCH-20250809-318
2025-08-09 21:48:13.189720,6.72,BATCH-20250809-028
2025-08-11 21:48:13.189720,6.72,BATCH-20250811-807
2025-08-12 21:48:13.189720,7.13,BATCH-20250812-610
2025-08-14 21:48:13.189720,8.83,BATCH-20250814-367
2025-08-20 21:48:13.189720,7.37,BATCH-20250820-040
2025-08-21 21:48:13.189720,9.52,BATCH-20250821-848
2025-08-21 21:48:13.189720,9.41,BATCH-20250821-845
2025-08-23 21:48:13.189720,10.84,BATCH-20250823-778
2025-08-23 21:48:13.189720,6.93,BATCH-20250823-420
2025-08-23 21:48:13.189720,7.20,BATCH-20250823-910
2025-08-25 21:48:13.189720,9.53,BATCH-20250825-793
2025-08-27 21:48:13.189720,10.66,BATCH-20250827-717
2025-08-28 21:48:13.189720,8.70,BATCH-20250828-795
2025-08-28 21:48:13.189720,6.77,BATCH-20250828-310
2025-08-31 21:48:13.189720,7.71,BATCH-20250831-083
2025-09-02 21:48:13.189720,9.35,BATCH-20250902-344
2025-09-02 21:48:13.189720,8.04,BATCH-20250902-251
2025-09-05 21:48:13.189720,7.39,BATCH-20250905-673
2025-09-05 21:48:13.189720,11.74,BATCH-20250905-972
2025-09-06 21:48:13.189720,8.40,BATCH-20250906-971
2025-09-08 21:48:13.189720,8.92,BATCH-20250908-996
2025-09-10 21:48:13.189720,8.48,BATCH-20250910-334
2025-09-10 21:48:13.189720,8.98,BATCH-20250910-201
2025-09-10 21:48:13.189720,7.29,BATCH-20250910-809
2025-09-10 21:48:13.189720,7.95,BATCH-20250910-473
2025-09-12 21:48:13.189720,8.23,BATCH-20250912-219
2025-09-13 21:48:13.189720,8.67,BATCH-20250913-482
2025-09-14 21:48:13.189720,6.86,BATCH-20250914-739
2025-09-15 21:48:13.189720,10.75,BATCH-20250915-867
2025-09-15 21:48:13.189720,9.44,BATCH-20250915-557
2025-09-18 21:48:13.189720,9.12,BATCH-20250918-227
2025-09-18 21:48:13.189720,7.65,BATCH-20250918-429
2025-09-19 21:48:13.189720,8.68,BATCH-20250919-226
2025-09-20 21:48:13.189720,10.35,BATCH-20250920-158
2025-09-20 21:48:13.189720,7.47,BATCH-20250920-609
2025-09-21 21:48:13.189720,9.19,BATCH-20250921-752
2025-09-23 21:48:13.189720,8.53,BATCH-20250923-829
2025-09-23 21:48:13.189720,8.68,BATCH-20250923-618
2025-09-24 21:48:13.189720,7.96,BATCH-20250924-788
2025-09-27 21:48:13.189720,7.42,BATCH-20250927-321
2025-09-28 21:48:13.189720,6.71,BATCH-20250928-789
2025-09-28 21:48:13.189720,8.74,BATCH-20250928-818
2025-09-28 21:48:13.189720,8.61,BATCH-20250928-631
2025-09-29 21:48:13.189720,6.89,BATCH-20250929-679
2025-10-01 21:48:13.189720,9.09,BATCH-20251001-067
2025-10-02 21:48:13.189720,7.60,BATCH-20251002-468
2025-10-03 21:48:13.189720,7.09,BATCH-20251003-350
2025-10-04 21:48:13.189720,7.39,BATCH-20251004-676
2025-10-05 21:48:13.189720,7.33,BATCH-20251005-070
2025-10-05 21:48:13.189720,9.48,BATCH-20251005-858
2025-10-08 21:48:13.189720,9.92,BATCH-20251008-493
2025-10-09 21:48:13.189720,6.81,BATCH-20251009-030
2025-10-11 21:48:13.189720,7.80,BATCH-20251011-728
2025-10-16 21:48:13.189720,8.46,BATCH-20251016-951
2025-10-16 21:48:13.189720,8.11,BATCH-20251016-229
2025-10-18 21:48:13.189720,7.40,BATCH-20251018-255
2025-10-19 21:48:13.189720,7.45,BATCH-20251019-245
2025-10-19 21:48:13.189720,7.51,BATCH-20251019-348
2025-10-20 21:48:13.189720,8.50,BATCH-20251020-194
2025-10-21 21:48:13.189720,13.90,BATCH-20251021-348
2025-10-23 21:48:13.189720,6.92,BATCH-20251023-972
2025-10-23 21:48:13.189720,11.25,BATCH-20251023-109
2025-10-25 21:48:13.189720,8.09,BATCH-20251025-981
2025-10-26 21:48:13.189720,10.22,BATCH-20251026-144
2025-10-27 21:48:13.189720,7.75,BATCH-20251027-294
2025-10-28 21:48:13.189720,8.93,BATCH-20251028-003
2025-10-28 21:48:13.189720,7.23,BATCH-20251028-214
2025-10-31 21:48:13.189720,10.42,BATCH-20251031-868
2025-11-01 21:48:13.189720,10.66,BATCH-20251101-434
2025-11-01 21:48:13.189720,8.53,BATCH-20251101-341
2025-11-02 21:48:13.189720,6.90,BATCH-20251102-204
2025-11-02 21:48:13.189720,7.38,BATCH-20251102-441
2025-11-05 21:48:13.189720,8.47,BATCH-20251105-596
2025-11-07 21:48:13.189720,6.95,BATCH-20251107-173
2025-11-07 21:48:13.189720,8.22,BATCH-20251107-294
2025-11-09 21:48:13.189720,7.63,BATCH-20251109-578
2025-11-16 21:48:13.189720,8.37,BATCH-20251116-081
2025-11-17 21:48:13.189720,6.83,BATCH-20251117-067
2025-11-23 21:48:13.189720,11.82,BATCH-20251123-805
2025-11-23 21:48:13.189720,6.76,BATCH-20251123-525
2025-11-23 21:48:13.189720,6.95,BATCH-20251123-578
2025-11-25 21:48:13.189720,7.01,BATCH-20251125-457
2025-11-26 21:48:13.189720,7.89,BATCH-20251126-855
2025-11-28 21:48:13.189720,9.67,BATCH-20251128-787
2025-11-28 21:48:13.189720,6.96,BATCH-20251128-915
2025-11-29 21:48:13.189720,7.86,BATCH-20251129-382
2025-12-02 21:48:13.189720,11.09,BATCH-20251202-881
2025-12-04 21:48:13.189720,7.13,BATCH-20251204-478
2025-12-06 21:48:13.189720,7.76,BATCH-20251206-948
2025-12-07 21:48:13.189720,9.56,BATCH-20251207-527
2025-12-08 21:48:13.189720,8.59,BATCH-20251208-695
2025-12-08 21:48:13.189720,8.81,BATCH-20251208-138
2025-12-09 21:48:13.189720,7.25,BATCH-20251209-861
2025-12-12 21:48:13.189720,7.68,BATCH-20251212-342
2025-12-13 21:48:13.189720,7.31,BATCH-20251213-027
2025-12-15 21:48:13.189720,6.59,BATCH-20251215-789
2025-12-19 21:48:13.189720,7.37,BATCH-20251219-893
2025-12-20 21:48:13.189720,8.58,BATCH-20251220-964
2025-12-23 21:48:13.189720,9.13,BATCH-20251223-172
2025-12-24 21:48:13.189720,7.74,BATCH-20251224-822
2025-12-24 21:48:13.189720,6.88,BATCH-20251224-526
2025-12-26 21:48:13.189720,12.56,BATCH-20251226-755
2025-12-28 21:48:13.189720,11.85,BATCH-20251228-659
2025-12-29 21:48:13.189720,9.12,BATCH-20251229-987
2026-01-01 21:48:13.189720,10.22,BATCH-20260101-616
2026-01-03 21:48:13.189720,11.49,BATCH-20260103-173
2026-01-03 21:48:13.189720,7.79,BATCH-20260103-766
2026-01-04 21:48:13.189720,8.11,BATCH-20260104-919
2026-01-04 21:48:13.189720,7.26,BATCH-20260104-601
2026-01-06 21:48:13.189720,8.08,BATCH-20260106-194
2026-01-07 21:48:13.189720,8.81,BATCH-20260107-167
2026-01-09 21:48:13.189720,7.36,BATCH-20260109-959
2026-01-10 21:48:13.189720,8.33,BATCH-20260110-472
2026-01-10 21:48:13.189720,8.57,BATCH-20260110-766
2026-01-12 21:48:13.189720,10.27,BATCH-20260112-921
